<?xml version="1.0" encoding="UTF-8"?><?xml-model href="http://oeuvres.github.io/Teinte/teinte.rng" type="application/xml" schematypens="http://relaxng.org/ns/structure/1.0"?><TEI xmlns="http://www.tei-c.org/ns/1.0" xmlns:epub="http://www.idpf.org/2007/ops" xml:lang="fr"><teiHeader>
<fileDesc>
<titleStmt>
<title>Voyage à Clermont (Auvergne)</title>
<author key="Chateaubriand, François-René de (1768-1848)">François-René de Chateaubriand</author>
<principal>Andrea Del Lungo</principal>
<principal>Pierre Glaudes</principal>
<principal>Jean-Gabriel Ganascia</principal>
<editor>Maxime Perret</editor>
</titleStmt>
<editionStmt>
<edition>Cette édition a été établie dans le cadre du projet PHŒBUS, financé par l’Agence nationale de la recherche (2015-2019).</edition>
<respStmt>
<name>Gallica</name>
<resp>Corrections OCR</resp>
</respStmt>
<respStmt>
<name>Gallica</name>
<resp>Établissement du texte et stylage. Ce fichier est le résultat de la conversion en XML-TEI d'un format pivot adaptable DAISY DT BOOK mis à disposition par la BnF.</resp>
</respStmt>
<respStmt>
<name>Karolina Suchecka</name>
<resp>Édition XML/TEI</resp>
</respStmt>
<respStmt>
<name>Maxime Perret</name>
<resp>Coordinateur de l’édition</resp>
</respStmt>
</editionStmt>
<publicationStmt>
<publisher>eBalzac</publisher>
<publisher>ALITHILA (Université Lille III)</publisher>
<publisher>CELLF (CNRS &amp; Université Paris IV Sorbonne)</publisher>
<publisher>LIP6 (Université Paris VI)</publisher>
<date when="2017"/>
<availability status="restricted">
<licence target="http://creativecommons.org/licenses/by-nc-nd/3.0/fr/">
<p> Copyright © 2017 Université Charles-de-Gaulle Lille 3, agissant pour le projet ANR « Projet d’hypertexte de l’œuvre de Balzac par l’utilisation de similarités » (ci-après dénommé ANR Phœbus). </p>
<p> Cette ressource électronique protégée par le code de la propriété intellectuelle sur les bases de données (L341-1) est mise à disposition de la communauté scientifique internationale par l’ANR Phœbus, selon les termes de la licence Creative Commons : « Attribution - Pas d’Utilisation Commerciale - Pas de Modification 3.0 France (CC BY-NC-ND 3.0 FR) ». </p>
<p> Attribution : afin de référencer la source, toute utilisation ou publication dérivée de cette ressource électroniques comportera le nom de l’ANR Phœbus et surtout l’adresse Internet de la ressource. </p>
<p> Pas d’Utilisation Commerciale : dans l’intérêt de la communauté scientifique, toute utilisation commerciale est interdite. </p>
<p> Pas de Modification : l’ANR Phœbus s’engage à améliorer et à corriger cette ressource électronique, notamment en intégrant toutes les contributions extérieures, la diffusion de versions modifiées de cette ressource n’est pas souhaitable. </p>
</licence>
</availability>
<idno>http://gallica.bnf.fr/ark:/12148/bpt6k57869567</idno>
</publicationStmt>
<sourceDesc>
<bibl>
<title>Œuvres complètes</title>. <title>Augmentées d'un essai sur la vie et les ouvrages de l'auteur</title>, vol. 1 (1851-1852)/ Saint-Esprit, Delandine de (éd.), / Paris, / P.-H. Krabbe, / 32, rue Notre-Dame-des-Victoires. / <date>1851</date>
</bibl>
</sourceDesc>
</fileDesc>
<encodingDesc>
<p/>
</encodingDesc>
<profileDesc>
<creation>
<date when="1851"/>
</creation>
<langUsage>
<language ident="fr"/>
</langUsage>
</profileDesc>
</teiHeader><text>
<front>
<titlePage>
<docAuthor>François-René de Chateaubriand</docAuthor>
<docTitle>
<titlePart type="main">Voyage à Clermont. (Auvergne.)</titlePart>
</docTitle>
</titlePage><pb n="129" xml:id="p134"/>
</front>
<body>
    
    
    
    
    <div><opener><dateline>2, 3, 4, 5 et 6 août 1805.</dateline></opener>
    <p>Me voici au berceau de Pascal et au tombeau de Massillon. Que de souvenirs ! les anciens rois d’Auvergne et l’invasion des Romains, César et ses légions, Vercingétorix, les derniers efforts de la liberté des Gaules contre un tyran étranger, puis les Visigoths, puis les Francs, puis les évêques, puis les comtes et les Dauphins d’Auvergne, etc.</p>
    <p>
     <hi rend="i">Gergovia, oppidum Gergovia,</hi> n’est pas Clermont : sur cette colline de Gergoye que j’aperçois au sud-est, était la véritable Gergovie. Voilà Mont-Rognon, <hi rend="i">Mons Rugosus,</hi> dont César s’empara pour couper les vivres aux Gaulois renfermés dans Gergovie. Je ne sais quel Dauphin bâtit sur le <hi rend="i">Mont-Rugosus</hi> un château dont les ruines subsistent.</p>
    <p>Clermont était <hi rend="i">Nemossus,</hi> à supposer qu’il n’y ait pas de fausse lecture dans Strabon ; il était encore <hi rend="i">Nemetum, Augusto Nemetum, Arverni urbs, civitas Arverna, oppidum Arvernum,</hi> témoin Pline, Ptolémée, la carte de Peutinger, etc.</p>
    <p>Mais d’où lui vient ce nom de <hi rend="i">Clermont,</hi> et quand a-t-il pris ce nom ? Dans le neuvième siècle, disent Loup de Ferrières et Guillaume de Tyr : il y a quelque chose qui tranche mieux la question. L’Anonyme, auteur des Gestes de Pipin, ou, comme nous prononçons, Pepin, dit : <hi rend="i">Maximam partem Aquitaniœ vastans, usque urbem Arvernam, cum omni exercitu veniens (Pipinus)</hi> CLARE MONTEM <hi rend="i">castrum captum, atque succensum bellando cepit.</hi>
</p>
    <p>Le passage est curieux en <hi rend="i">ce</hi> qu’il distingue la ville, <hi rend="i">urbem Arvernam,</hi> du château <hi rend="i">Clare Montem castrum.</hi> Ainsi la ville romaine était au bas du monticule, et elle était défendue par un château bâti sur le monticule : ce château s’appelait <hi rend="i">Clermont.</hi> Les habitants de la ville basse ou de la ville romaine, <hi rend="i">Arverni urbs,</hi> fatigués d’être sans cesse ravagés dans une ville ouverte, se retirèrent peu à peu autour et sous la protection du château. Une nouvelle ville du nom de Clermont s’éleva dans l’endroit où elle est aujourd’hui, vers le milieu du huitième siècle, un siècle avant l’époque fixée par Guillaume de Tyr.</p>
    <p>Faut-il croire que les anciens Arvernes, les Auvergnats d’aujourd’hui, avaient fait des incursions en Italie, avant l’arrivée du pieux Énée, ou faut-il croire, d’après Lucain, que les Arvernes descendaient tout droit des Troyens ? Alors, ils ne se seraient guère mis en peine des imprécations de Didon, puisqu’ils <pb n="130" xml:id="p135"/> s’étaient faits les alliés d’Annibal et les protégés de Carthage. Selon les druides, si toutefois nous savons ce que disaient les druides, Pluton aurait été le père des Arvernes : cette fable ne pourrait-elle tirer son origine de la tradition des anciens volcans d’Auvergne ?</p>
    <p>Faut-il croire, avec Athénée et Strabon, que Luerius, roi des Arvernes, donnait de grands repas à tous ses sujets, et qu’il se promenait sur un char élevé en jetant des sacs d’or et d’argent à la foule ? Cependant les rois gaulois <hi rend="i">(Cœsar. Com.)</hi> vivaient dans des espèces de huttes faites de bois et de terre, comme nos montagnards d’Auvergne.</p>
    <p>Faut-il croire que les Arvernes avaient enrégimenté des chiens, lesquels manœuvraient comme des troupes régulières, et que Bituitus avait un assez grand nombre de ces chiens pour manger toute une armée romaine ?</p>
    <p>Faut-il croire que ce roi Bituitus attaqua avec deux cent mille combattants le consul Fabius qui n’avait que trente mille hommes ? Nonobstant ce, les trente mille Romains tuèrent ou noyèrent dans le Rhône cent cinquante mille Auvergnats, ni plus ni moins. Comptons :</p>
    <p>Cinquante mille noyés, c’est beaucoup.</p>
    <p>Cent mille tués.</p>
    <p>Or, comme il n’y avait que trente mille Romains, chaque légionnaire a dû tuer trois Auvergnats, ce qui fait quatre-vingt-dix mille Auvergnats.</p>
    <p>Restent dix mille tués à partager entre les plus forts tueurs, ou les machines de l’armée de Fabius.</p>
    <p>Bien entendu que les Auvergnats ne se sont pas défendus du tout, que leurs chiens enrégimentés n’ont pas fait meilleure contenance ; qu’un seul coup d’épée, de pilum, de flèche ou de fronde, dûment ajusté dans une partie mortelle, a suffi pour tuer son homme ; que les Auvergnats n’ont ni fui, ni pu fuir ; que les Romains n’ont pas perdu un seul soldat, et qu’enfin quelques heures ont suffi <hi rend="i">matériellement</hi> pour tuer avec le glaive cent mille hommes ; le géant Robastre était un Myrmidon auprès de celai À l’époque de la victoire de Fabius, chaque légion ne traînait pas encore après elle dix machines de guerre de la première grandeur, et cinquante plus petites.</p>
    <p>Faut-il croire que le royaume d’Auvergne, changé en république ; arma, sous Vercingétorix, quatre cent mille soldats contre César ?</p>
    <p>Faut-il croire que <hi rend="i">Nemetum</hi> était une ville immense qui n’avait rien moins que trente portes ?</p>
    <p>En fait d’histoire, je suis un peu de l’humeur de mon compatriote le père Hardouin, qui avait du bon : il prétendait que l’histoire ancienne avait été re-faite par les moines du treizième siècle, d’après les <hi rend="i">Odes</hi> d’Horace, les <hi rend="i">Géorgiques</hi> de Virgile, les ouvrages de Pline et de Cicéron. Il se moquait de ceux qui prétendaient que le soleil était loin de la terré : voilà un homme raisonnable.</p>
    <p>La ville dés Arvernes, devenue romaine sous le nom <hi rend="i">d’Augusto Nemetum, </hi>eut un capitole, un amphithéâtre, un temple de Wasso-Galates, an colosse qui égalait presque celui de Rhodes : Pline nous parle de ses carrières et de ses sculpteurs. Elle eut aussi une école célèbre, d’où sortit le rhéteur Fronton, maître de Marc-Aurèle <hi rend="i">Augusto-Nemetum,</hi> régie par le droit latin, avait un sénat  ; <pb n="131" xml:id="p136"/> ses citoyens, citoyens romains, pouvaient être revêtus des grandes charges de l’État : c’était encore le souvenir de Rome républicaine qui donnait la puissance aux esclaves de l’empire.</p>
    <p>Les collines qui entourent Clermont étaient couvertes de bois et marquées par des temples : à Champturgues un temple de Bacchus, à Montjuset un temple de Jupiter, desservi par des femmes-fées <hi rend="i">(fatuœ, fatidicæ</hi>), au Puy de Montaudon un temple de Mercure ou de Teutatès ; (Montaudon, <hi rend="i">Mons Teutatès),</hi> etc.</p>
    <p>
     <hi rend="i">Nemetum</hi> tomba avec toute l’Auvergne sous la domination des Visigoths, par la cession de l’empereur Népos ; mais Alaric ayant été vaincu à la bataille de Vouillé, l’Auvergne passa aux Francs. Vinrent ensuite les temps féodaux, et le gouvernement souvent indépendant des évêques, des comtes et des Dauphins.</p>
    <p>Le premier apôtre de l’Auvergne fut saint Austremoine : la <hi rend="i">Gallia christiana </hi>compte quatre-vingt-seize évêques depuis ce premier évêque jusqu’à Massillon. Trente et un ou trente-deux de ces évêques ont été reconnus pour saints ; un d’entre eux a été pape, sous le nom d’Innocent VI. Le gouvernement de ces évêques n’a rien eu de remarquable : je parlerai de Caulin.</p>
    <p>Chilping disait à Thierry, qui voulait détruire Clermont : « Les murs de cette cité sont très-forts, et remparés de boulevards inexpugnables ; et, afin que Votre Majesté m’entende mieux, je parle des saints et de leurs églises, qui environnent les murailles de cette ville. »</p>
    <p>Ce fut au concile de Clermont que le pape Urbain II prêcha la première croisade. Tout l’auditoire s’écria : « <hi rend="i">Diex el volt !</hi> » et Aymar, évêque du Puy, partit avec les croisés. Le Tasse le fait tuer par Clorinde.</p>
    <quote type="poem">
     <lg>
      <l>… Fu del sangue sacro</l>
<l>Su l’arme femminili, ampio lavacro.</l>
</lg>
    </quote> <p>Les comtes qui régnèrent en Auvergne, ou qui en furent les premiers seigneurs féodaux, produisirent des hommes assez singuliers. Vers le milieu du dixième siècle, Guillaume, septième comte d’Auvergne, qui, du côté maternel, descendait des Dauphins viennois, prit le titre de <hi rend="i">Dauphin</hi> et le donna à ses terres.</p>
<p>Le fils de Guillaume s’appela <hi rend="i">Robert,</hi> nom des aventures et des romans. Ce second Dauphin d’Auvergne favorisa les amours d’un pauvre chevalier. Robert avait une sœur, femme de Bertrand I<hi rend="sup">er</hi>, sire de Mercœur ; Pérols, troubadour, aimait cette grande dame ; il en fit l’aveu à Robert, qui ne s’en fâcha pas du tout : c’est l’histoire du Tasse retournée. Robert lui-même était poëte, et échangeait des <hi rend="i">sirventes</hi> avec Richard Cœur de Lion.</p>
<p>Le petit-fils de Robert, commandeur des templiers en Aquitaine, fut brûlé vif à Paris : il expia avec courage dans les tourments un premier moment de faiblesse. Il ne trouva pas dans Philippe le Bel la tolérance qu’un troubadour avait rencontrée dans Robert : pourtant Philippe, qui brûlait les templiers, faisait enlever et souffleter les papes.</p>
<p>Une multitude de souvenirs historiques s’attachent à différents lieux de l’Auvergne. Le village de La Tour rappelle un nom à jamais glorieux pour la France, La Tour d’Auvergne.</p>
<pb n="132" xml:id="p137"/>
<p>Marguerite de Valois se consolait un peu trop gaiement à Usson de la perte de ses grandeurs et des malheurs du royaume ; elle avait séduit le marquis de Canillac, qui la gardait dans ce château. Elle faisait semblant d’aimer la femme de Canillac ; « Le bon du jeu, dit d’Aubigné, fut qu’aussitost que son mari (Canillac) eut le dos tourné pour aller à Paris, Marguerite la despouilla de ses beaux joyaux, la renvoya comme une peteuse avec tousses gardes, et se rendit dame et maistresse de la place. Le marquis se trouva beste, et servit de risée au roi de Navarre. »</p>
<p>Marguerite aimait beaucoup ses amants tandis qu’ils vivaient ; à leur mort elle les pleurait, faisait des vers pour leur mémoire, déclarait qu’elle leur serait toujours fidèle : <hi rend="i">Mentem Venus ipsa dedit :</hi>
</p>
<quote type="poem">
<lg>
<l>Atys, de qui la perte attriste mes années ;</l>
<l>Atys, digne des vœux de tant d’âmes bien nées,</l>
<l>Que j’avais élevé pour montrer aux humains</l>
<l>Une œuvre de mes mains.</l>
<l>… </l>
<l>Si je cesse d’aimer, qu’on cesse de prétendre :</l>
<l>Je ne veux désormais être prise, ni prendre.</l>
</lg>
</quote> <p>Et, dès le soir même, Marguerite était prise et mentait à son amour et à sa muse.</p>
<p>Elle avait aimé La Molle, décapité avec Coconas : pendant la nuit, elle fit enlever la tête de ce jeune homme, la parfuma, l’enterra de ses propres mains, et soupira ses regrets au bel <hi rend="i">Hyacinthe.</hi> « Le pauvre diable d’Aubiac, en allant à la potence, au lieu de se souvenir de son ame et de son salut, baisoit un manchon de velours raz bleu qui lui restoit des bienfaits de sa dame. » Aubiac, en voyant Marguerite pour la première fois, avait dit : « Je voudrois avoir passé une nuit avec elle, à peine d’être pendu quelque temps après. » Martigues portait aux combats et aux assauts un petit chien que lui avait donné Marguerite.</p>
<p>D’Aubigné prétend que Marguerite avait fait faire à Usson les lits de ses dames extrêmement hauts, « afin de ne plus s’escorcher, comme elle souloit, les espaules en s’y fourrant à quatre pieds pour y chercher Pominy, » fils d’un chaudronnier d’Auvergne, et qui, d’enfant de chœur qu’il était, devint secrétaire de Marguerite.</p>
<p>Le même historien la prostitue dès l’âge de onze ans à d’Antragues et à Charin ; il la livre à ses deux frères, François, duc d’Alençon, et Henri III ; mais il ne faut pas croire entièrement les satires de d’Aubigné, huguenot hargneux, ambitieux mécontent, d’un esprit caustique : Pibrac et Brantôme ne parlent pas comme lui.</p>
<p>Marguerite n’aimait point Henri IV, qu’elle trouvait malpropre. Elle recevait Champvallon a dans un lit éclairé avec des flambeaux, entre deux linceuls de « taffetas noir. » Elle avait écouté M. de Mayenne, <hi rend="i">bon compagnon gros et gras, et voluptueux comme elle ; et ce grand degousté de vicomte de Turenne, et ce vieux rufian de Pibrac, dont elle montroit les lettres pour rire à Henri IV ; et ce petit chicon de valet de Provence, Date, qu’avec six aulnes d’étoffe elle avoit anobli dans Usson ;</hi> et <hi rend="i">ce bec-jaune de Bajaumont,</hi> le dernier de la longue liste qu’avait <pb n="133" xml:id="p138"/> commencée d’Antragues, et qu’avaient continuée, avec les favoris déjà cités, le duc de Guise, Saint-Luc et Bussy.</p>
<p>Selon le père Lacoste, la seule <hi rend="i">vue de l’ivoire du bras de Marguerite</hi> triompha de Canillac.</p>
<p>Pour finir ce <hi rend="i">notable commentaire</hi>, <hi rend="i">qui m’est eschappé d’un flux de caquet, </hi>comme parle Montaigne, je dirai que les deux lignées royales des d’Orléans et des Valois avaient peu de mœurs, mais qu’elles avaient du génie ; elles aimaient les lettres et les arts : le sang français et le sang italien se mêlaient en elles par Valentine de Milan et Catherine de Médicis. François I<hi rend="sup">er</hi> était poëte, témoin ses vers charmants sur Agnès Sorel ; sa sœur, <hi rend="i">la royne de Navarre,</hi> contait à la manière de Boccace ; Charles IX rivalisait avec Ronsard ; les chants de Marguerite de Valois, d’ailleurs tolérante et humaine (elle sauva plusieurs victimes à la Saint-Barthélemy), étaient répétés par toute la cour : ses <hi rend="i">Mémoires</hi> sont pleins de dignité, de grâce et d’intérêt.</p>
<p>Le siècle des arts en France est celui de François I<hi rend="sup">er</hi> en descendant jusqu’à Louis XIII, nullement le siècle de Louis XIV : le <hi rend="i">petit palais</hi> des Tuileries, le vieux Louvre, une partie de Fontainebleau et d’Anet, le palais du Luxembourg, sont ou étaient fort supérieurs aux monuments du grand roi.</p>
<p>C’était tout un autre personnage que Marguerite de Valois, ce chancelier de Lhopital, né à Aigueperse, à quinze ou seize lieues d’Usson. « C’estoit un autre censeur Caton, celui-là, dit Brantôme, et qui savoit très-bien censurer et corriger le monde corrompu. Il en avoit du moins toute l’apparence avec sa grande barbe blanche, son visage pasle, sa façon grave, qu’on eust dit à le voir que c’estoit un vrai portrait de saint Jérosme.</p>
<p>Il ne falloit pas se jouer avec ce grand juge et rude magistrat ; si estoit-il pourtant doux quelquefois, là où il voyoit de la raison Ces belles-lettres humaines lui rabattoient beaucoup de sa rigueur de justice. Il estoit grand orateur et fort disert ; grand historien, et surtout très-divin poëte latin, comme plusieurs de ses œuvres l’ont manifesté tel. »</p>
<p>Le chancelier de Lhopital, peu aimé de la cour et disgracié, se retira pauvre dans une petite maison de campagne auprès d’Étampes. On l’accusait de modération en religion et en politique : des assassins furent envoyés pour le tuer lors du massacre de la Saint-Barthélemy. Ses domestiques voulaient fermer les portes de sa maison : « Non, non, dit-il ; si la petite porte n’est bastante pour les faire entrer, ouvrez la grande. »</p>
<p>La veuve du duc de Guise sauva la fille du chancelier, en la cachant dans sa maison ; il dut lui-même son salut aux prières de la duchesse de Savoie. Nous avons son testament en latin ; Brantôme nous le donne en français : il est curieux, et par les dispositions et par les détails qu’il renferme.</p>
<p>« Ceux, dit Lhopital, qui m’avoient chassé, prenoient une couverture de religion ; et eux-mesmes estoient sans pitié et religion ; mais je vous puis assurer qu’il n’y avoit rien qui les esmust davantage que ce qu’ils pensoient que tant que je serois en charge il ne leur seroit permis de rompre les edits du roi, ni de piller ses finances et celles de ses sujets.</p>
<p>Au reste, il y a presque cinq ans que je mene ici la vie de Laërte… et ne veux <pb n="134" xml:id="p139"/> point rafraischir la mémoire des choses que j’ai souffertes en ce despartement de la cour. »</p>
<p>Les murs de sa maison tombaient ; il avait de la peine à nourrir ses vieux serviteurs et sa nombreuse famille ; il se consolait, comme Cicéron, avec les Muses : mais il avait désiré voir les peuples rétablis dans leur liberté ; et il mourut lorsque les cadavres des victimes du fanatisme n’avaient pas encore été mangés par les vers, ou dévorés par les poissons et les vautours.</p>
<p>Je voudrais bien placer Châteauneuf de Randon en Auvergne ; il en est si près ! C’est là que Duguesclin reçut sur son cercueil les clefs de la forteresse : nargue des deux manuscrits qui ont fait capituler la place quelques heures avant la mort du connétable. « Vous verrez dans l’histoire de ce Breton une ame forte, nourrie dans le fer, petrie sous des palmes, dans laquelle Mars fit eschole longtemps. La Bretagne en fut l’essai ; l’Anglois, son boute-hors ; la Castille, son chef-d’œuvre : dont les actions n’estoient que heraults de sa gloire ; les defaveurs, theastres elevés à sa constance ; le cercueil, embasement d’un immortel trophée. »</p>
<p>L’Auvergne a subi le joug des Visigoths et des Francs, mais elle n’a été colonisée que par les Romains ; de sorte que, s’il y a des Gaulois en France, il faut les chercher en Auvergne, <hi rend="i">montes Cellorum.</hi> Tous ses monuments sont celtiques ; et ses anciennes maisons descendent ou des familles romaines consacrées à l’épiscopat, ou des familles indigènes.</p>
<p>La féodalité poussa néanmoins de vigoureuses racines en Auvergne ; toutes les montagnes se hérissèrent de châteaux. Dans ces châteaux s’établirent des seigneurs qui exercèrent ces petites tyrannies, ces droits bizarres, enfants de l’arbitraire, de la grossièreté des mœurs et de l’ennui. À Langeac, le jour de la fête de saint Galles, un châtelain jetait un millier d’œufs à la tête des paysans, comme en Bretagne, chez un autre seigneur, on apportait un œuf garrotté dans un grand chariot traîné par six bœufs.</p>
<p>Un seigneur de Tournemine, assigné dans son manoir d’Auvergne par un huissier appelé <hi rend="i">Loup,</hi> lui fit couper le poing, disant que jamais loup ne s’était présenté à son château, sans qu’il n’eût laissé sa patte clouée à la porte. Aussi arriva-t-il qu’aux <hi rend="i">grands jours</hi> tenus à Clermont en 1665, ces petites fredaines produisirent douze mille plaintes rendues en justice criminelle. Presque toute la noblesse fut obligée de fuir, et l’on n’a point oublié l’homme <hi rend="i">aux douze apôtres.</hi> Le cardinal de Richelieu fit raser une partie des châteaux d’Auvergne ; Louis XIV en acheva la destruction. De tous ces donjons en ruine, un des plus célèbres est celui de Murat ou d’Armagnac. Là fut pris le malheureux Jacques, duc de Nemours, jadis lié d’amitié avec ce Jean V, comte d’Armagnac, qui avait épousé publiquement sa propre sœur. En vain le duc de Nemours adressa-t-il une lettre bien humble à Louis XI, <hi rend="i">écrite en la cage de la Bastille</hi> et signée <hi rend="i">le pauvre Jacques</hi> ; il fut décapité aux halles de Paris, et ses trois jeunes fils, placés sous l’échafaud, furent couverts du sang de leur père.</p>
<p>Charles de Valois, duc d’Augoulême, fils naturel de Charles IX et de Marie Touchet, frère utérin de la marquise de Verneuil, fut investi du comté de Clermont et d’Auvergne. Il entra dans les complots de Biron, dont la mort est justement <pb n="135" xml:id="p140"/> reprochée à Henri IV. À la mort de Henri III, Henri IV avait dit à Armand de Gontaud, baron de Biron : <hi rend="i">C’est à ceste heure qu’il faut que vous mettiez la main droite à ma couronne ; venez-moi servir de père et d’ami contre ces gens qui n’aiment ni vous ni moi.</hi> Henri aurait dû garder la mémoire de ces paroles ; il aurait dû se souvenir que Charles de Gontaud, fils d’Armand, avait été son compagnon d’armes ; il aurait dû se souvenir que la tête de celui qui avait mis <hi rend="i">la main droite à sa couronne</hi> avait été emportée par un boulet : ce n’était pas au Béarnais à joindre la tête du fils à la tête du père.</p>
<p>Le comte d’Auvergne, pour de nouvelles intrigues, fut arrêté à Clermont ; sa maîtresse, la dame de Châteaugay, menaçait de tuer de cent coups de pistolet et de cent coups d’épée d’Eure et Murat qui avaient saisi le comte : elle ne tua personne. Le comte d’Auvergne fut mis à la Bastille ; il en sortit sous Louis XIII, et vécut jusqu’en 1650 : c’était la dernière goutte du sang des Valois.</p>
<p>Le duc d’Angoulême était brave, léger et lettré comme tous les Valois. Ses Mémoires contiennent une relation touchante de la mort de Henri III, et un récit détaillé du combat d’Arques, auquel lui, duc d’Angoulême, s’était trouvé à l’âge de seize ans. Chargeant Sagonne, ligueur décidé, qui lui criait : « Du « fouet ! du fouet ! petit garçon ! » il lui cassa la cuisse d’un coup de pistolet, et obtint les prémices de la victoire.</p>
<p>L’Auvergne fut presque toujours en révolte sous la seconde race ; elle dépendait de l’Aquitaine ; et la charte d’Aalon a prouvé que les premiers ducs d’Aquitaine descendaient en ligne directe de la race de Clovis ; ils combattaient donc les Carlovingiens comme des usurpateurs du trône. Sous la troisième race, lorsque la Guienne, fief de la couronne de France, tomba par alliance et héritage à la couronne d’Angleterre, l’Auvergne se trouva anglaise en partie : elle fut alors ravagée par les grandes compagnies, par les écorcheurs, etc. On chantait partout des complaintes latines sur les malheurs de la France :</p>
<quote type="poem">
<lg>
<l>Plange regni respublica,</l>
<l>Tua gens ut schismatica</l>
<l>Desolatur, etc.</l>
</lg>
</quote> <p>Pendant les guerres de la Ligue, l’Auvergne eut beaucoup à souffrir. Les sièges d’Issoire sont fameux : le capitaine Merle, partisan protestant, fit écorcher vifs trois religieux de l’abbaye d’Issoire. Ce n’était pas la peine de crier si haut contre les violences des catholiques.</p>
<p>On a beaucoup cité, et avec raison, la réponse du gouverneur de Bayonne à Charles IX qui lui ordonnait de massacrer les protestants. Montmorin, commandant en Auvergne à la même époque, fit éclater la même générosité. La noble famille qui avait montré un si véritable dévouement à son prince, ne l’a point démenti de nos jours ; elle a répandu son sang pour un monarque aussi vertueux que Charles IX fut criminel.</p>
<p>Voltaire nous a conservé la lettre de Montmorin.</p>
<p>« SIRE,</p>
<p>« J’ai reçu un ordre, sous le sceau de Votre Majesté, de faire mourir tous les protestants qui sont dans ma province. Je respecte trop Votre Majesté pour <pb n="136" xml:id="p141"/> ne pas croire que ces lettres sont supposées ; et si, ce qu’à Dieu ne plaise, « l’ordre est véritablement émané d’elle, je la respecte aussi trop pour lui obéir. »</p>
<p>C’est de Clermont que nous viennent les deux plus anciens historiens de la France, Sidoine Apollinaire et Grégoire de Tours. Sidoine, natif de Lyon et évêque de Clermont, n’est pas seulement un poëte, c’est un écrivain qui nous apprend comment les rois francs célébraient leurs noces dans un fourgon, comment ils s’habillaient et quel était leur langage. Grégoire de Tours nous dit, sans compter le reste, ce qui se passait à Clermont de son temps ; il raconte, avec une ingénuité de détails qui fait frémir, l’épouvantable histoire du prêtre Anastase, enfermé par l’évêque Caulin dans un tombeau avec le cadavre d’un vieillard. L’anecdote des deux amants est aussi fort célèbre : les deux tombeaux d’Injuriosus et de Scholastique se rapprochèrent, en signe de l’étroite union de deux chastes époux, qui ne craignaient plus de manquer à leur serment. Quelque chose de semblable a été dit depuis d’Abailard et d’Héloïse : on n’a pas la même confiance dans le fait. Grégoire de Tours, naïf dans ses pensées, barbare dans son langage, ne laisse pas que d’être fleuri et rhétoricien dans son style.</p>
<p>L’Auvergne a vu naître le chancelier de Lhopital, Domat, Pascal, le cardinal de Polignac, l’abbé Gérard, le père Sirmond ; et de nos jours La Fayette, Desaix, d’Estaing, Chamfort, Thomas, l’abbé Delille, Chabrol, Dulaure, Montlosier et Barante. J’oubliais de compter ce Lizet, ferme dans la prospérité, lâche au malheur, faisant brûler les protestants, requérant la mort pour le connétable de Bourbon, et n’ayant pas le courage de perdre une place.</p>
<p>Maintenant que ma mémoire ne fournit plus rien d’essentiel sur l’histoire d’Auvergne, parlons de la cathédrale de Clermont, de la Limagne et du Puy-de-Dôme.</p>
<p>La cathédrale de Clermont est un monument gothique qui, comme tant d’autres, n’a jamais été achevé. Hugues de Tours commença à la faire bâtir en partant pour la Terre-Sainte, sur un plan donné par Jean de Campis. La plupart de ces grands monuments ne se finissaient qu’à force de siècles, parce qu’ils coûtaient des sommes immenses. La chrétienté entière payait ces sommes du produit des quêtes et des aumônes.</p>
<p>La voûte en ogive de la cathédrale de Clermont est soutenue par des piliers si déliés qu’ils sont effrayants à l’œil : c’est à croire que la voûte va fondre sur votre tête. L’église, sombre et religieuse, est assez bien ornée pour la pauvreté actuelle du culte. On y voyait autrefois le tableau de la <hi rend="i">Conversion de saint Paul,</hi> un des meilleurs de Lebrun ; on l’a ratissé avec la lame d’un sabre : <hi rend="i">Turba ruit !</hi> Le tombeau de Massillon était aussi dans cette église ; on l’en a fait disparaître dans un temps où rien n’était à sa place, pas même la mort.</p>
<p>Il y a longtemps que la Limagne est célèbre par sa beauté. On cite toujours le roi Childebert à qui Grégoire de Tours fait dire : « Je voudrais voir quelque « jour la Limagne d’Auvergne, que l’on dit être un pays si agréable. » Salvien appelle la Limagne la <hi rend="i">mœlle des Gaules.</hi> Sidoine en peignant la Limagne d’autrefois semble peindre la Limagne d’aujourd’hui. <hi rend="i">Taceo territorii peculiarem jucunditatem, viatoribus molle, fructuosum aratoribus, venatoribus voluptuosum  ; <pb n="137" xml:id="p142"/> quod montium cingunt dorsa pascuis, latera vinetis, terrena villis, saxosa castellis, opaca lustris, aperta culturis, concava fontibus, abrupta fluminibus : quod denique hujusmodi est, ut semel visum advenis, multis</hi> PATRIAE OBLIVIONEM SAEPE PERSUADEAT.</p>
<p>On croit que la Limagne a été un grand lac ; que son nom vient du grec : Grégoire de Tours écrit alternativement <hi rend="i">Limane</hi> et <hi rend="i">Limania.</hi> Quoi qu’il en soit, Sidoine, jouant sur le mot, disait dès le quatrième siècle, <hi rend="i">œquor agrorum in quo, sine periculo, quæstuosæ fluctuant in segetibus undœ.</hi> C’est en effet une mer de moissons.</p>
<p>La position de Clermont est une des plus belles du monde.</p>
<p>Qu’on se représente des montagnes s’arrondissant en un demi-cercle ; un monticule attaché à la partie concave de ce demi-cercle ; sur ce monticule Clermont ; au pied de Clermont, la Limagne, formant une vallée de vingt lieues de long, de six, huit et dix de large.</p>
<p>La place du <ref target="#note376">1</ref>… offre un point de vue admirable sur cette vallée. En errant par la ville au hasard, je suis arrivé à cette place vers six heures et demie du soir. Les blés mûrs ressemblaient à une grève immense, d’un sable plus ou moins blond. L’ombre des nuages parsemait cette plage jaune de taches obscures, comme des couches de limon ou des bancs d’algue : vous eussiez cru voir le fond d’une mer dont les flots venaient de se retirer.</p>
<p>Le bassin de la Limagne n’est point d’un niveau égal ; c’est un terrain tourmenté dont les bosses de diverses hauteurs semblent unies quand on les voit de Clermont, mais qui, dans la vérité, offrent des inégalités nombreuses et forment une multitude de petits vallons au sein de la grande vallée. Des villages blancs, des maisons de campagne blanches, de vieux châteaux noirs, des collines rougeâtres, des plants de vignes, des prairies bordées de saules, des noyers isolés qui s’arrondissent comme des orangers, ou portent leurs rameaux comme les branches d’un candélabre, mêlent leurs couleurs variées à la couleur des froments. Ajoutez à cela tous les jeux de la lumière.</p>
<p>A mesure que le soleil descendait à l’occident, l’ombre coulait à l’orient et envahissait la plaine. Bientôt le soleil a disparu ; mais baissant toujours et marchant derrière les montagnes de l’ouest, il a rencontré quelque défilé débouchant sur la Limagne : précipités à travers cette ouverture, ses rayons ont soudain coupé l’uniforme obscurité de la plaine par un fleuve d’or. Les monts qui bordent la Limagne au levant retenaient encore la lumière sur leur cime ; la ligne que ces monts traçaient dans l’air se brisait en arcs dont la partie convexe était tournée vers la terre. Tous ces arcs se liant les uns aux autres par les extrémités, imitaient à l’horizon la sinuosité d’une guirlande, ou les festons de ces draperies que l’on suspend aux murs d’un palais avec des roses de bronze. Les montagnes du levant dessinées de la sorte, et peintes, comme je l’ai dit, des reflets du soleil opposé, ressemblaient à un rideau de moire bleue et pourpre ; lointaine et dernière décoration du pompeux spectacle que la Limagne étalait à mes yeux.</p>
<pb n="138" xml:id="p143"/>
<p>Les deux degrés de différence entre la latitude de Clermont et celle de Paris sont déjà sensibles dans la beauté de la lumière : cette lumière est plus fine et moins pesante que dans la vallée de la Seine ; la verdure s’aperçoit de plus loin et parait moins noire :</p>
<quote type="poem">
<lg>
<l>Adieu donc, <hi rend="i">Chanonat !</hi> adieu, frais paysages !</l>
<l>Il semble qu’un autre air parfume vos rivages ;</l>
<l>Il semble que leur vue ait ranimé mes sens,</l>
<l>M’ait redonné la joie, et rendu mon printemps.</l>
</lg>
</quote>
<p>Il faut en croire le poëte de l’Auvergne.</p>
<p>J’ai remarqué ici dans le style de l’architecture des souvenirs et des traditions de l’Italie : les toits sont plats, couverts en tuiles à canal ; les lignes des murs, longues ; les fenêtres, étroites et percées haut ; les portiques, multipliés ; les fontaines, fréquentes. Rien ne ressemble plus aux villes et aux villages de l’Apennin que les villes et les villages des montagnes de Thiers, de l’autre côté de la Limagne, au bord de ce Lignon où Céladon ne se noya pas, sauvé qu’il fut par les trois nymphes Sylvie, Galalée et Léonide.</p>
<p>Il ne reste aucune antiquité romaine à Clermont, si ce n’est peut-être un sarcophage, un bout de voie romaine, et des ruines d’aqueduc ; pas un fragment de colosse, pas même de traces des maisons, des bains et des jardins de Sidoine. Nemetum et Clermont ont soutenu au moins sept siéges, ou, si l’on veut, ils ont été pris et détruits une vingtaine de fois.</p>
<p>Un contraste assez frappant existe entre les femmes et les hommes de celte province. Les femmes ont les traits délicats, la taille légère et déliée ; les hommes sont construits fortement, et il est impossible de ne pas reconnaître un véritable Auvergnat à la forme de la mâchoire inférieure. Une province, pour ne parler que des morts, dont le sang a donné Turenne à l’armée, L’hôpital à la magistrature, et Pascal aux sciences et aux lettres, a prouvé qu’elle a une vertu supérieure.</p>
<p>Je suis allé au Puy-de-Dôme par pure affaire de conscience. Il m’est arrivé ce à quoi je m’étais attendu ; la vue du haut de cette montagne est beaucoup moins belle que celle dont on jouit de Clermont. La perspective à vol d’oiseau est plate et vague ; l’objet se rapetisse dans la même proportion que l’espace s’étend.</p>
<p>Il y avait autrefois sur le Puy-de-Dôme une chapelle dédiée à saint Barnabé ; on en voit encore les fondements : une pyramide de pierre de dix ou douze pieds marque aujourd’hui l’emplacement de cette chapelle. C’est là que Pascal a fait les premières expériences sur la pesanteur de l’air. Je me représentais ce puissant génie cherchant à découvrir, sur ce sommet solitaire, les secrets de la nature, qui devaient le conduire à la connaissance des mystères du Créateur de cette même nature. Pascal se fraya, au moyen de la science, le chemin à l’ignorance chrétienne ; il commença par être un homme sublime, pour apprendre à devenir un simple enfant.</p>
<p>Le Puy-de-Dôme n’est élevé que de huit cent vingt-cinq toises au-dessus du niveau de la mer ; cependant je sentis à son sommet une difficulté de respirer que je n’ai éprouvée ni dans les Alléghanys, en Amérique, ni sur les plus <pb n="139" xml:id="p144"/> hautes Alpes de la Savoie. J’ai gravi le Puy-de-Dôme avec autant de peine que le Vésuve ; il faut près d’une heure pour monter de sa base au sommet par un chemin raide et glissant ; mais la verdure et les fleurs vous suivent. La petite fille qui me servait de guide m’avait cueilli un bouquet des plus belles pensées ; j’ai moi-même trouvé sous mes pas des œillets rouges d’une élégance parfaite. Au sommet du mont, on voit partout de larges feuilles d’une plante bulbeuse, assez semblable au lis. J’ai rencontré, à ma grande surprise, sur ce lieu élevé, trois femmes qui se tenaient par la main et qui chantaient un cantique. Au-dessous de moi, des troupeaux de vaches paissaient parmi les monticules que domine le Puy-de-Dôme. Ces troupeaux montent à la montagne avec le printemps, et en descendent avec la neige. On voit partout les <hi rend="i">burons </hi>ou les chalets de l’Auvergne, mauvais abris de pierres sans ciment, ou de bois gazonné. Chantez les chalets, mais ne les habitez pas.</p>
<p>Le patois de la montagne n’est pas exactement celui de la plaine. La <hi rend="i">musette, </hi>d’origine celtique, sert à accompagner quelques airs de romances, qui ne sont pas sans euphonie, et sur lesquels on a fait des paroles françaises. Les Auvergnats, comme les habitants du Rouergue, vont vendre des mules en Catalogne et en Aragon ; ils rapportent de ce pays quelque chose d’espagnol qui se marie bien avec la solitude de leurs montagnes ; ils font pour leurs longs hivers provision de soleil et d’histoires. Les voyageurs et les vieillards aiment à conter, parce qu’ils ont beaucoup vu : les uns ont cheminé sur la terre, les autres, dans la vie.</p>
<p>Les pays de montagnes sont propres à conserver les mœurs. Une famille d’Auvergne, appelée les <hi rend="i">Guittard-Pinon,</hi> cultivait en commun des terres dans les environs de Thiers ; elle était gouvernée par un chef électif, et ressemblait assez à un ancien clan d’Écosse. Cette espèce de république champêtre a survécu à la révolution ; mais elle est au moment de se dissoudre.</p>
<p>Je laisse de côté les curiosités naturelles de l’Auvergne, la grotte de Royat, charmante néanmoins par ses eaux et sa verdure ; les diverses fontaines minérales, la fontaine pétrifiante de Saint-Allyre, avec le pont de pierre qu’elle a formé, et que Charles IX voulut voir ; le puits de la poix, les volcans éteints, etc.</p>
<p>Je laisse aussi à l’écart les merveilles des siècles moyens, les orgues, les horloges avec leur carillon et leurs têtes de Maure ou de More, qui ouvraient des bouches effroyables quand l’heure venait à sonner. Les processions bizarres, les jeux mêlés de superstition et d’indécence, mille autres coutumes de ces temps, n’appartiennent pas plus à l’Auvergne qu’au reste de l’Europe gothique.</p>
<p>J’ai voulu, avant de mourir, jeter un regard sur l’Auvergne, en souvenance des impressions de ma jeunesse. Lorsque j’étais enfant dans les bruyères de ma Bretagne, et que j’entendais parler de l’Auvergne et des petits Auvergnats, je me figurais que l’Auvergne était un pays bien loin, bien loin, où l’on voyait des choses étranges, où l’on ne pouvait aller qu’avec de grands périls, en cheminant sous la garde de la mère de Dieu. Une chose m’a frappé et charmé à la fois : j’ai retrouvé dans l’habit du paysan Auvergnat le vêtement du paysan Breton. D’où vient cela ? C’est qu’il y avait autrefois pour ce royaume, et même pour l’Europe entière, un fonds d’habillement commun. Les provinces reculées <pb n="140" xml:id="p145"/> ont gardé les anciens usages, tandis que les départements voisins de Paris ont perdu leurs vieilles mœurs : de là cette ressemblance entre certains villageois placés aux extrémités opposées de la France, et qui ont été défendus contre les nouveautés par leur indigence et leur solitude.</p>
<p>Je ne vois jamais sans une sorte d’attendrissement ces petits Auvergnats qui vont chercher fortune dans ce grand monde, avec une boîte et quelques méchantes paires de ciseaux. Pauvres enfants qui <hi rend="i">dévalent</hi> bien tristes de leurs montagnes, et qui préféreront toujours le pain bis et la <hi rend="i">bourrée</hi> aux prétendues joies de la plaine. Ils n’avaient guère que l’espérance dans leur boîte en descendant de leurs rochers ; heureux s’ils la rapportent à la chaumière paternelle !</p></div>
<div>
<head>Voyage au Mont-Blanc.</head>
<opener><epigraph><p>Rien n’est beau que le vrai, le vrai seul est aimable.</p></epigraph></opener>
<div>
<head>Paysages de montagnes.</head>
<opener><dateline>Fin d’août 1805.</dateline></opener>
<p>J’ai vu beaucoup de montagnes en Europe et en Amérique, et il m’a toujours paru que, dans les descriptions de ces grands monuments de la nature, on allait au delà de la vérité. Ma dernière expérience à cet égard ne m’a point fait changer de sentiment. J’ai visité la vallée de Chamouny, devenue célèbre par les travaux de M. de Saussure ; mais je ne sais si le poëte y trouverait le <hi rend="i">speciosa deserti</hi> comme le minéralogiste. Quoi qu’il en soit, j’exposerai avec simplicité les réflexions que j’ai faites dans mon voyage. Mon opinion, d’ailleurs, a trop peu d’autorité pour qu’elle puisse choquer personne.</p>
<p>Sorti de Genève par un temps assez nébuleux, j’arrivai à Servoz au moment où le ciel commençait à s’éclaircir. La crête du Mont-Blanc ne se découvre pas de cet endroit, mais on a une vue distincte de sa croupe <hi rend="i">neigée,</hi> appelée le <hi rend="i">Dôme.</hi> On franchit ensuite le passage des Montées, et l’on entre dans la vallée de Chamouny. On passe au-dessous du glacier des Bossons ; ses pyramides se montrent à travers les branches des sapins et des mélèzes. M. Bourrit a comparé ce glacier, pour sa blancheur et la coupe allongée de ses cristaux, à une flotte à la voile ; j’ajouterais, au milieu d’un golfe bordé de vertes forêts.</p>
<p>Je m’arrêtai au village de Chamouny, et le lendemain je me rendis au Montanvert. J’y montai par le plus beau jour de l’année. Parvenu à son sommet, qui n’est qu’une croupe du Mont-Blanc, je découvris ce qu’on nomme très improprement la <hi rend="i">Mer de Glace.</hi>
</p>
<p>Qu’on se représente une vallée dont le fond est entièrement couvert par un fleuve. <pb n="141" xml:id="p146"/> Les montagnes qui forment celte vallée laissent pendre au-dessus de ce fleuve une masse de rochers, les aiguilles du Dru, du Bochard, des Charmoz. Dans l’enfoncement, la vallée et le fleuve se divisent en deux branches, dont l’une va aboutir à une haute montagne, le Col du Géant, et l’autre aux rochers des Jorasses. Au bout opposé de cette vallée se trouve une pente qui regarde la vallée de Chamouny. Cette pente, presque verticale, est occupée par la portion de la Mer de Glace qu’on appelle le <hi rend="i">Glacier des Bois.</hi> Supposez donc un rude hiver survenu ; le fleuve qui remplit la vallée, ses inflexions et ses pentes, a été glacé jusqu’au fond de son lit ; les sommets des monts voisins se sont chargés de neige partout où les plans du granit ont été assez horizontaux pour retenir les eaux congelées : voilà la Mer de Glace et son site. Ce n’est point, comme on le voit, une mer ; c’est un fleuve ; c’est, si l’on veut, le Rhin glacé ; la Mer de Glace sera son cours, et le Glacier des Bois, sa chute à Laufen.</p>
<p>Lorsqu’on est sur la Mer de Glace, la surface, qui vous en paraissait unie du haut du Montan vert, offre une multitude de pointes et d’anfractuosités. Ces pointes imitent les formes et les déchirures de la haute enceinte de rocs qui surplombent de toutes parts : c’est comme le relief en marbre blanc des montagnes environnantes.</p>
<p>Parlons maintenant des montagnes en général.</p>
<p>Il y a deux manières de les voir : avec les nuages, ou sans les nuages.</p>
<p>Avec les nuages, la scène est plus animée ; mais alors elle est obscure, et souvent d’une telle confusion, qu’on peut à peine y distinguer quelques traits.</p>
<p>Les nuages drapent les rochers de mille manières. J’ai vu au-dessus de Servoz un piton chauve et ridé qu’une nue traversait obliquement comme une toge ; on l’aurait pris pour la statue colossale d’un vieillard romain. Dans un autre endroit, on apercevait la pente défrichée de la montagne ; une barrière de nuages arrêtait la vue à la naissance de cette pente, et au-dessus de cette barrière s’élevaient de noires ramifications de rochers imitant des gueules de Chimère, des corps de Sphinx, des têtes d’Anubis, diverses formes des monstres et des dieux de l’Égypte.</p>
<p>Quand les nues sont chassées par le vent, les monts semblent fuir derrière ce rideau mobile : ils se cachent et se découvrent tour à tour ; tantôt un bouquet de verdure se montre subitement à l’ouverture d’un nuage, comme une île suspendue dans le ciel ; tantôt un rocher se dévoile avec lenteur, et perce peu à peu la vapeur profonde comme un fantôme. Le voyageur attristé n’entend que le bourdonnement du vent dans les pins, le bruit des torrents qui tombent dans les glaciers, par intervalle la chute de l’avalanche, et quelquefois le sifflement de la marmotte effrayée qui a vu l’épervier dans la nue.</p>
<p>Lorsque le ciel est sans nuages, et que l’amphithéâtre des monts se déploie tout entier à la vue, un seul accident mérite alors d’être observé : les sommets des montagnes, dans la haute région où ils se dressent, offrent une pureté de lignes, une netteté de plan et de profil que n’ont point les objets de la plaine. Ces cimes anguleuses, sous le dôme transparent du ciel, ressemblent à de superbes morceaux d’histoire naturelle, à de beaux arbres de coraux, à des girandoles de stalactite, renfermés sous un globe du cristal le plus pur. Le mon tagnard <pb n="142" xml:id="p147"/> cherche dans ces découpures élégantes l’image des objets qui lui sont familiers : de là ces roches nommées les <hi rend="i">Mulets,</hi> les <hi rend="i">Charmoz,</hi> ou les <hi rend="i">Chamois ; </hi>de là ces appellations empruntées de la religion, les <hi rend="i">sommets des Croix,</hi> le <hi rend="i">rocher du Reposoir,</hi> le <hi rend="i">glacier des Pèlerins</hi> ; dénominations naïves qui prouvent que, si l’homme est sans cesse occupé de l’idée de ses besoins, il aime à placer partout le souvenir de ses consolations.</p>
<p>Quant aux arbres des montagnes, je ne parlerai que du pin, du sapin et du mélèze, parce qu’ils font, pour ainsi dire, l’unique décoration des Alpes.</p>
<p>Le pin a quelque chose de monumental ; ses branches ont le port de la pyramide, et son tronc, celui de la colonne. Il imite aussi la forme des rochers où il vit : souvent je l’ai confondu sur les redans et les corniches avancées des montagnes, avec des flèches et des aiguilles élancées ou échevelées comme lui. Au revers du Col de Balme, à la descente du glacier de Trient, on rencontre un bois de pins, de sapins et de mélèzes : chaque arbre, dans cette famille de géants, compte plusieurs siècles. Cette tribu alpine a un roi que les guides ont soin de montrer aux voyageurs. C’est un sapin qui pourrait servir de mât au plus grand vaisseau. Le monarque seul est sans blessure, tandis que tout son peuple autour de lui est mutilé : un arbre a perdu sa tête, un autre ses bras ; celui-ci a le front sillonné par la foudre, celui-là, le pied noirci par le feu des pâtres. Je remarquai deux jumeaux sortis du même tronc, qui s’élançaient ensemble dans le ciel : ils étaient égaux en hauteur et en âge ; mais l’un était plein de vie, et l’autre était desséché.</p>
<quote type="poem">
<lg>
<l>Daucia, Laride Thymberque, simillima proles,</l>
<l>Indiscreta suis, gratusque parentibus error :</l>
<l>At nunc dura dédit vobis discrimina Pallas.</l>
</lg>
</quote>
<p>« Fils jumeaux de Daucus, rejetons semblables, ô Laris et Thymber ! vos parents mêmes ne pouvaient vous distinguer, et vous leur causiez de douces méprises ! Mais la <hi rend="i">mort</hi> mit entre vous une cruelle différence. »</p>
<p>Ajoutons que le pin annonce la solitude et l’indigence de la montagne. Il est le compagnon du pauvre Savoyard, dont il partage la destinée : comme lui, il croît et meurt inconnu sur des sommets inaccessibles où sa postérité se perpétue également ignorée. C’est sur le mélèze que l’abeille cueille ce miel ferme et savoureux, qui se marie si bien avec la crême et les framboises de Montanvert. Les bruits du pin, quand ils sont légers, ont été loués par les poëtes bucoliques ; quand ils sont violents, ils ressemblent au mugissement de la mer : vous croyez quelquefois entendre gronder l’Océan au milieu des Alpes. Enfin, l’odeur du pin est aromatique et agréable ; elle a surtout pour moi un charme particulier, parce que je l’ai respirée à plus de vingt lieues en mer sur les côtes de la Virginie : aussi réveille-t-elle toujours dans mon esprit l’idée de ce Nouveau-Monde qui me fut annoncé par un souffle embaumé, de ce beau ciel, de ces mers brillantes où le parfum des forêts m’était apporté par la brise du matin ; et, comme tout s’enchaîne dans nos souvenirs, elle rappelle aussi dans ma mémoire les sentiments de regret et d’espérance qui m’occupaient, lorsque appuyé <pb n="143" xml:id="p148"/> sur le bord du vaisseau je rêvais à cette patrie que j’avais perdue, et à ces déserts que j’allais trouver.</p>
<p>Mais, pour venir enfin à mon sentiment particulier sur les montagnes, je dirai que, comme il n’y a pas de beaux paysages sans un horizon de montagnes, il n’y a point aussi de lieux agréables à habiter ni de satisfaisants pour les yeux et pour le cœur, là où l’on manque d’air et d’espace ; or, c’est ce qui arrive dans l’intérieur des monts. Ces lourdes masses ne sont point en harmonie avec les facultés de l’homme et la faiblesse de ses organes.</p>
<p>On attribue aux paysages des montagnes la sublimité : celle-ci tient sans doute à la grandeur des objets. Mais, si l’on prouve que cette grandeur, très réelle en effet, n’est, cependant pas sensible aux regards, que devient la sublimité ?</p>
<p>Il en est des monuments de la nature comme de ceux de l’art : pour jouir de leur beauté, il faut être au véritable point de perspective ; autrement les formes, les couleurs, les proportions, tout disparaît. Dans l’intérieur des montagnes, comme on touche à l’objet même, et comme le champ de l’optique est trop resserré, les dimensions perdent nécessairement leur grandeur : chose si vraie, que l’on est continuellement trompé sur les hauteurs et sur les distances. J’en appelle au voyageur : le Mont-Blanc leur a-t-il para fort élevé du fond de la vallée de Chamouny ? Souvent un lac immense dans les Alpes a l’air d’un petit étang ; vous croyez arriver en quelques pas au haut d’une pente que vous êtes trois heures à gravir ; une journée entière vous suffit à peine pour sortir de cette gorge, à l’extrémité de laquelle il vous semblait que vous touchiez de la main. Ainsi cette grandeur des montagnes, dont on fait tant de bruit, n’est réelle que par la fatigue qu’elle vous donne. Quant au paysage, il n’est guère plus grand à l’œil qu’un paysage ordinaire.</p>
<p>Mais ces monts qui perdent leur grandeur apparente quand ils sont trop rapprochés du spectateur, sont toutefois si gigantesques qu’ils écrasent ce qui pourrait leur servir d’ornement. Ainsi, par des lois contraires, tout se rapetisse à la fois dans les défilés des Alpes, et l’ensemble et les détails. Si la nature avait fait les arbres cent fois plus grands sur les montagnes que dans les plaines ; si les fleuves et les cascades y versaient des eaux cent fois plus abondantes, ces grands bois, ces grandes eaux pourraient produire des effets pleins de majesté sur les flancs élargis de la terre. Il n’en est pas de la sorte ; le cadre du tableau s’accroît démesurément, et les rivières, les forêts, les villages, les troupeaux gardent les proportions ordinaires : alors il n’y a plus de rapport entre le tout et la partie, entre le théâtre et la décoration. Le plan des montagnes étant vertical devient une échelle toujours dressée où l’œil rapporte et compare les objets qu’il embrasse ; et ces objets accusent tour à tour leur petitesse sur celte énorme mesure. Les pins les plus altiers, par exemple, se distinguent à peine dans l’escarpement des vallons, où ils paraissent collés comme des flocons de suie. La trace des eaux pluviales est marquée dans ces bois grêles et noirs par de petites rayures jaunes et parallèles ; et les torrents les plus larges, les cataractes les plus élevées, ressemblent à de maigres filets d’eau ou à des vapeurs bleuâtres.</p>
<p>Ceux qui ont aperçu des diamants, des topazes, des émeraudes dans les glaciers, <pb n="144" xml:id="p149"/> sont plus heureux que moi : mon imagination n’a jamais pu découvrir ces trésors. Les neiges du bas du Glacier des Bois, mêlées à la poussière de granit, m’ont paru semblables à de la cendre ; on pourrait prendre la Mer de Glace, dans plusieurs endroits, pour des carrières de chaux et de plâtre ; ses crevasses seules offrent quelques teintes du prisme, et quand les couches de glace sont appuyées sur le roc, elles ressemblent à de gros verres de bouteille.</p>
<p>Ces draperies blanches des Alpes ont d’ailleurs un grand inconvénient ; elles noircissent tout ce qui les environne, et jusqu’au ciel dont elles rembrunissent l’azur. Et ne croyez pas que l’on soit dédommagé de cet effet désagréable par les beaux accidents de la lumière sur les neiges. La couleur dont se peignent les montagnes lointaines est nulle pour le spectateur placé à leur pied. La pompe dont le soleil couchant couvre la cime des Alpes de la Savoie n’a lieu que pour l’habitant de Lausanne. Quant au voyageur de la vallée de Chamouny, c’est en vain qu’il attend ce brillant spectacle. Il voit, comme du fond d’un entonnoir, au-dessus de sa tête, une petite portion d’un ciel bleu et pur, sans couchant et sans aurore ; triste séjour où le soleil jette à peine un regard à midi par-dessus une barrière glacée.</p>
<p>Qu’on me permette, pour me faire mieux entendre, d’énoncer une vérité triviale. Il faut une toile pour peindre : dans la nature le ciel est la toile des paysages ; s’il manque au fond du tableau, tout est confus et sans effet. Or, les monts, quand on en est trop voisin, obstruent la plus grande partie du ciel. Il n’y a pas assez d’air autour de leurs cimes ; ils se font ombre l’un à l’autre et se prêtent mutuellement les ténèbres qui résident dans quelque enfoncement de leurs rochers. Pour savoir si les paysages des montagnes avaient une supériorité si marquée, il suffisait de consulter les peintres : ils ont toujours jeté les monts dans les lointains, en ouvrant à l’œil un paysage sur les bois et sur les plaines.</p>
<p>Un seul accident laisse aux sites des montagnes leur majesté naturelle : c’est le clair de lune. Le propre de ce demi-jour sans reflets et d’une seule teinte est d’agrandir les objets en isolant les masses et en faisant disparaître cette gradation de couleurs qui lie ensemble les parties d’un tableau. Alors plus les coupes des monuments sont franches et décidées, plus leur dessein a de longueur et de hardiesse, et mieux la blancheur de la lumière profile les lignes de l’ombre. C’est pourquoi la grande architecture romaine, comme les contours des montagnes, est si belle à la clarté de la lune.</p>
<p>Le <hi rend="i">grandiose,</hi> et par conséquent l’espèce de sublime qu’il fait naître, disparaît donc dans l’intérieur des montagnes : voyons si le <hi rend="i">gracieux</hi> s’y trouve dans un degré plus éminent.</p>
<p>On s’extasie sur les vallées de la Suisse ; mais il faut bien observer qu’on ne les trouve si agréables que par comparaison. Certes, l’œil fatigué d’errer sur des plateaux stériles ou des promontoires couverts d’un lichen rougeâtre, retombe avec un grand plaisir sur un peu de verdure et de végétation. Mais en quoi cette verdure consiste-t-elle ? en quelques saules chétifs, en quelques sillons d’orge et d’avoine qui croissent péniblement et mûrissent tard, en quelques arbres sauvageons qui portent des fruits âpres et amers. Si une vigne végète péniblement <pb n="145" xml:id="p150"/> dans un petit abri tourné au midi, et garantie avec soin des vents du nord, on vous fait admirer cette fécondité extraordinaire. Vous élevez-vous sur les rochers voisins, les grands traits des monts font disparaître la miniature de la vallée. Les cabanes deviennent à peine visibles, et les compartiments cultivés ressemblent à des échantillons d’étoffes sur la carte d’un drapier.</p>
<p>On parle beaucoup des fleurs des montagnes, des violettes que l’on cueille au bord des glaciers, des fraises qui rougissent dans la neige, etc. Ce sont d’imperceptibles merveilles qui ne produisent aucun effet : l’ornement est trop petit pour des colosses.</p>
<p>Enfin, je suis bien malheureux, car je n’ai pu voir dans ces fameux chalets enchantés par l’imagination de J.-J. Rousseau que de méchantes cabanes remplies du fumier des troupeaux, de l’odeur des fromages et du lait fermenté ; je n’y ai trouvé pour habitants que de misérables montagnards qui se regardent comme en exil et aspirent à descendre dans la vallée.</p>
<p>De petits oiseaux muets, voletant de glaçons en glaçons, des couples assez rares de corbeaux et d’éperviers, animent à peine ces solitudes de neiges et de pierres où la chute de la pluie est presque toujours le seul mouvement qui frappe vos yeux. Heureux quand le pivert, annonçant l’orage, fait retentir sa voix cassée au fond d’un vieux bois de sapins ! Et pourtant ce triste signe de vie rend plus sensible la mort qui vous environne. Les chamois, les bouquetins, les lapins blancs sont presque entièrement détruits ; les marmottes mêmes deviennent rares, et le petit Savoyard est menacé de perdre son trésor. Les bêtes sauvages ont été remplacées sur les sommets des Alpes par des troupeaux de vaches qui regrettent la plaine aussi bien que leurs maîtres. Couchés dans les herbages du pays de Caux, ces troupeaux offriraient une scène aussi belle, et ils auraient en outre le mérite de rappeler les descriptions des poëtes de l’antiquité.</p>
<p>Il ne reste plus qu’à parler du sentiment qu’on éprouve dans les montagnes. Eh bien ! ce sentiment, selon moi, est fort pénible. Je ne puis être heureux là où je vois partout les fatigues de l’homme et ses travaux inouïs qu’une terre ingrate refuse de payer. Le montagnard, qui sent son mal, est plus sincère que les voyageurs ; il appelle la plaine le <hi rend="i">bon pays,</hi> et ne prétend pas que des rochers arrosés de ses sueurs, sans en être plus fertiles, soient ce qu’il y a de meilleur dans les distributions de la Providence. S’il est très-attaché à sa montagne, cela tient aux relations merveilleuses que Dieu a établies entre nos peines, l’objet qui les cause et les lieux où nous les avons éprouvées ; cela tient aux souvenirs de l’enfance, aux premiers sentiments du cœur, aux douceurs, et même aux rigueurs de la maison paternelle. Plus solitaire que les autres hommes, plus sérieux par l’habitude de souffrir, le montagnard appuie davantage sur tous les sentiments de sa vie. Il ne faut pas attribuer aux charmes des lieux qu’il habite l’amour extrême qu’il montre pour son pays ; cet amour vient de la concentration de ses pensées, et du peu d’étendue de ses besoins.</p>
<p>Mais les montagnes sont le séjour de la rêverie ? j’en doute ; je doute qu’on puisse rêver lorsque la promenade est une fatigue ; lorsque l’attention que vous êtes obligé de donner à vos pas occupe entièrement votre esprit. L’amateur de la <pb n="146" xml:id="p151"/> solitude qui <hi rend="i">bayerait aux chimères</hi> <ref target="#note377">1</ref> en gravissant le Montanvert pourrait bien tomber dans quelque puits, comme l’astrologue qui prétendait lire au-dessus de sa tête et ne <hi rend="i">pouvait voir à ses pieds.</hi>
</p>
<p>Je sais que les poëtes ont désiré les vallées et les bois pour converser avec les Muses. Mais écoutons Virgile :</p>
<quote type="poem">
<lg>
<l>Rura mihi et rigui placeant in vallibus amnes :</l>
<l>Flumina amem sylvasque inglorius.</l>
</lg>
</quote> <p>D’abord il se plairait aux champs, <hi rend="i">rura mihi ;</hi> il chercherait les vallées agréables, riantes, gracieuses, <hi rend="i">vallibus amnes ;</hi> il aimerait les fleuves, <hi rend="i">flumina amem</hi> (non pas les torrents), et les forêts où il vivrait sans gloire, <hi rend="i">sylvasque inglorius.</hi> Ces forêts sont de belles futaies de chênes, d’ormeaux, de hêtres, et non de tristes bois de sapins ; car il n’eût pas dit :</p>
<quote type="poem">
<lg>
<l>Et <hi rend="i">ingenti</hi> ramorum protegat <hi rend="i">umbra,</hi>
</l>
<l>« Et d’un <hi rend="i">feuillage épais</hi> ombragera ma tête. »</l>
</lg>
</quote> <p>Et où veut-il que cette vallée soit placée ? dans un lieu où il y aura de beaux souvenirs, des noms harmonieux, des traditions de la Fable et de l’Histoire :</p>
<quote type="poem">
<lg>
<l>… O ubi campi,</l>
<l>Sperchiusque, et virginibus bacchata lacænis</l>
<l>Taygeta ! O qui me gelidis in vallibus Haemi</l>
<l>Sistat !</l>
</lg>
</quote> <quote type="poem">
<lg>
<l>Dieux ! que ne suis-je assis au bord du Sperchius !</l>
<l>Quand pourrai-je fouler les beaux vallons d’Hémus !</l>
<l>Oh ! qui me portera sur le riant Taygète !</l>
</lg>
</quote> <p>Il se serait fort peu soucié de la vallée de Chamouny, du glacier de Taconay, de la petite et de la grande Jorasse, de l’aiguille du Dru et du rocher de la Tête-Noire.</p>
<p>Enfin, si nous en croyons Rousseau et ceux qui ont recueilli ses erreurs sans hériter de son éloquence, quand on arrive au sommet des montagnes on se sent transformé en un autre homme. « Sur les hautes montagnes, dit Jean-Jacques, les méditations prennent un caractère grand, sublime, proportionné aux objets qui nous frappent ; je ne sais quelle volupté tranquille qui n’a rien d’âcre et de sensuel. Il semble qu’en s’élevant au-dessus du séjour des hommes, on y laisse tous les sentiments bas et terrestres.… Je doute qu’aucune agitation violente pût tenir contre un pareil séjour prolongé, etc. »</p>
<p>Plût à Dieu qu’il en fût ainsi ! Qu’il serait doux de pouvoir se délivrer de ses maux en s’élevant à quelques toises au-dessus de la plaine ! Malheureusement l’âme de l’homme est indépendante de l’air et des sites ; un cœur chargé de sa peine n’est pas moins pesant sur les hauts lieux que dans les Vallées. L’antiquité, qu’il faut toujours citer quand il s’agit de vérité de sentiments, ne pensait pas comme Rousseau sur les montagnes ; elles les représente au contraire comme le séjour de la désolation et de la douleur : si l’amant de Julie oublie ses <pb n="147" xml:id="p152"/> chagrins parmi les rochers du Valais, l’époux d’Eurydice nourrit ses douleurs sur les monts de la Thrace. Malgré le talent du philosophe genevois, je doute que la voix de Saint-Preux retentisse aussi longtemps dans l’avenir que la lyre d’Orphée. Œdipe, ce parfait modèle des calamités royales, cette image accomplie de tous les maux de l’humanité, cherche aussi les sommets déserts :</p>
<quote type="poem">
<lg>
<l>Il va,… du Cythéron remontant vers les cieux,</l>
<l>Sur le malheur de l’homme interroger les dieux.</l>
</lg>
</quote>
<p>Enfin une autre antiquité plus belle encore et plus sacrée nous offre les mêmes exemples. L’Écriture, qui connaissait mieux la nature de l’homme que les faux sages du siècle, nous montre toujours les grands infortunés, les prophètes, et Jésus-Christ même se retirant au jour de l’affliction sur les hauts lieux. La fille de Jephté, avant de mourir, demande à son père la permission d’aller pleurer sa virginité sur les montagnes de la Judée : <hi rend="i">Super montes assumam. </hi>dit Jérémie, <hi rend="i">fletum ac lamentum.</hi> « Je m’élèverai sur les montagnes pour pleurer « et gémir. » Ce fut sur le mont des Oliviers que Jésus-Christ but le calice rempli de toutes les douleurs et de toutes les larmes des hommes.</p>
<p>C’est une chose digne d’être observée que dans les pages les plus raisonnables d’un écrivain qui s’était établi le défenseur de la morale, on distingue encore des traces de l’esprit de son siècle. Ce changement supposé de nos dispositions intérieures selon le séjour que nous habitons, tient secrètement au système de matérialisme que Rousseau prétendait combattre. On faisait de l’âme une espèce de plante soumise aux variations de l’air, et qui, comme un instrument, suivait et marquait le repos ou l’agitation de l’atmosphère. Et comment Jean-Jacques lui-même aurait-il pu croire de bonne foi à cette influence salutaire des hauts lieux ? L’infortuné ne traîna-t-il pas sur les montagnes de la Suisse ses passions et ses misères !</p>
<p>Il n’y a qu’une seule circonstance où il soit vrai que les montagnes inspirent l’oubli des troubles de la terre : c’est lorsqu’on se retire loin du monde, pour se consacrer à la religion. Un anachorète qui se dévoue au service de l’humanité, un saint qui veut méditer les grandeurs de Dieu en silence, peuvent trouver la paix et la joie sur des roches désertes ; mais ce n’est point alors la tranquillité des lieux qui passe dans l’âme de ces solitaires, c’est au contraire leur âme qui répand sa sérénité dans la région des orages.</p>
<p>L’instinct des hommes a toujours été d’adorer l’Éternel sur les lieux élevés : plus près du ciel, il semble que la prière ait moins d’espace à franchir pour arriver au trône de Dieu. Il était resté dans le christianisme des traditions de ce culte antique ; nos montagnes, et, à leur défaut, nos collines, étaient chargées de monastères et de vieilles abbayes. Du milieu d’une ville corrompue, l’homme qui marchait peut-être à des crimes, ou du moins à des vanités, apercevait, en levant les yeux ; des autels sur les coteaux voisins. La croix, déployant au loin l’étendard de la pauvreté aux yeux du luxe, rappelait le riche à des idées de souffrance et de commisération. Nos poëtes connaissaient bien peu leur art lorsqu’ils se moquaient de ces monts de Calvaire, de ces missions, de <pb n="148" xml:id="p153"/> ces retraites qui retraçaient parmi nous les sites de l’Orient, les mœurs des solitaires de la Thébaïde, les miracles d’une religion divine, et le souvenir d’une antiquité qui n’est point effacé par celui d’Homère.</p>
<p>Mais ceci rentre dans un autre ordre d’idées et de sentiments, et ne tient plus à la question générale que nous venons d’examiner. Après avoir fait la critique des montagnes, il est juste de finir par leur éloge. J’ai déjà observé qu’elles étaient nécessaires à un beau paysage, et qu’elles devaient former la chaîne dans les derniers plans d’un tableau. Leurs têtes chenues, leurs flancs décharnés, leurs membres gigantesques, hideux quand on les contemple de trop près, sont admirables lorsqu’au fond d’un horizon vaporeux ils s’arrondissent et se colorent dans une lumière fluide et dorée. Ajoutons, si l’on veut, que les montagnes sont la source des fleuves, le dernier asile de la liberté dans les temps d’esclavage, une barrière utile contre les invasions et les fléaux de la guerre. Tout ce que je demande, c’est qu’on ne me force pas d’admirer les longues arêtes de rochers, les fondrières, les crevasses, les trous, les entortillements des vallées des Alpes. À cette condition, je dirai qu’il y a des montagnes que je visiterais encore avec un plaisir extrême : ce sont celles de la Grèce et de la Judée. J’aimerais à parcourir les lieux dont mes nouvelles éludes me forcent de m’occuper chaque jour ; j’irais volontiers chercher sur lé Tabor et le Taygète d’autres couleurs et d’autres harmonies, après avoir peint les monts sans renommée, et les vallées inconnues du Nouveau Monde <ref target="#note378">1</ref>.</p>
</div>
<div>
<head>Notice sur les fouilles de Pompéi.</head>
<p>On découvrit d’abord les deux théâtres, ensuite le temple d’Isis et celui d’Esculape, la maison de campagne d’Arrius Diomédès, et plusieurs tombeaux. Durant le temps que Naples fut gouverné par un roi sorti des rangs de l’armée française, les murailles de la ville, la rue des Tombeaux, plusieurs rues de l’intérieur de la ville, la basilique, l’amphithéâtre et le forum furent découverts. Le roi de Naples a fait continuer les travaux ; et, comme les fouilles sont conduites avec beaucoup de régularité et se font dans le louable dessein de découvrir la ville plutôt que de chercher des trésors enfouis, chaque jour ajoute aux connaissances déjà acquises sur cet objet si intéressant et presque inépuisable.</p>
<p>La ville de Pompéi, située à peu près à quatorze milles au sud-est de Naples, était bâtie en partie sur une éminence qui dominait une plaine fertile, et qui s’est <pb n="149" xml:id="p154"/> considérablement accrue par l’immense quantité de matières volcaniques dont le Vésuve l’a recouverte. Les murailles de la ville et les murs de ses édifices ont retenu dans leur enceinte toutes les matières que le volcan y vomissait, et empêché les pluies de les emporter ; de sorte que l’étendue de ces constructions est très-distinctement marquée par le monticule qu’ont formé l’amas des pierres ponces et l’accumulation graduelle de terre végétale qui le couvrent.</p>
<p>L’éminence sur laquelle Pompéi fut bâti doit avoir été formée à une époque très-reculée ; elle est composée de produits volcaniques vomis par le Vésuve.</p>
<p>On a conjecturé que la mer avait autrefois baigné les murs de Pompéi, et qu’elle venait jusqu’à l’endroit où passe aujourd’hui le chemin de Salerne. Strabon dit, en effet, que cette ville servait d’arsenal maritime à plusieurs villes de la Campanie, ajoutant qu’elle est près du Sarno, fleuve sur lequel les marchandises peuvent descendre et remonter.</p>
<p>Plusieurs faits que l’on observe à Pompéi sembleraient incompréhensibles si l’on ne se rappelait pas que la destruction de cette ville a été l’ouvrage de deux catastrophes distinctes : l’une en l’an 63 de J.-C., par un tremblement de terre ; l’autre, seize ans plus tard, par une éruption du Vésuve. Ses habitants commençaient à réparer les dommages causés par la première, lorsque les signes précurseurs de la seconde les forcèrent d’abandonner un lieu qui ne tarda pas à être enseveli sous un déluge de cendres et de matières volcaniques.</p>
<p>Cependant des débris d’ouvrages en briques indiquaient sa position. Il se conserva, sans doute pendant longtemps, un reste de population dans son voisinage, puisque Pompéi est indiqué dans l’<hi rend="i">Itinéraire</hi> d’Antonin, et sur la carte de Peutinger. Au treizième siècle, les comtes de Sarno firent creuser un canal dérivé du Sarno ; il passait sous Pompéi, mais on ignorait sa position ; enfin, en 1748, un laboureur ayant trouvé une statue en labourant son champ, cette circonstance engagea le gouvernement napolitain à ordonner des fouilles.</p>
<p>A l’époque des premiers travaux, on versait dans la partie que l’on venait de déblayer les décombres que l’on retirait de celle que l’on s’occupait de découvrir ; et, après qu’on en avait enlevé les peintures à fresque, les mosaïques et autres objets curieux, on comblait de nouveau l’espace débarrassé : aujourd’hui l’on suit un système différent.</p>
<p>Quoique, les fouilles n’aient pas offert de grandes difficultés par le peu d’efforts que le terrain exige pour être creusé, il n’y a pourtant qu’une septième partie de la ville de déterrée. Quelques rues sont de niveau avec le grand chemin qui passe le long des murs, dont le circuit est d’environ seize cents toises.</p>
<p>En arrivant par Herculanum, le premier objet qui frappe l’attention est la maison de campagne d’Arrius Diomédès, située dans le faubourg. Elle est d’une très-jolie construction, et si bien conservée, quoiqu’il y manque un étage, qu’elle peut donner une idée exacte de la manière dont les anciens distribuaient l’intérieur de leurs demeures. Il suffirait d’y ajouter des portes et des fenêtres pour la rendre habitable ; plusieurs chambres sont très-petites, le propriétaire était cependant un homme opulent.</p>
<p>Dans d’autres maisons de gens moins riches, les chambres sont encore plus petites. <pb n="150" xml:id="p155"/> Le plancher de la maison d’Arrius Diomédès est en mosaïques : tous les appartements n’ont pas de fenêtres, plusieurs ne reçoivent du jour que par la porte. On ignore quelle est la destination de beaucoup de petits passages et de recoins. Les amphores, qui contenaient le vin, sont encore dans la cave, le pied posé dans le sable, et appuyées contre le mur.</p>
<p>La rue des Tombeaux offre, à droite et à gauche, les sépultures des principales familles de la ville ; la plupart sont de petites dimensions, mais construites avec beaucoup de goût.</p>
<p>Les rues de Pompéi ne sont pas larges, n’ayant que quinze pieds d’un côté à l’autre, et les trottoirs les rendant encore plus étroites ; elles sont pavées en pierres de lave grise et de formes irrégulières, comme les anciennes voies romaines : on y voit encore distinctement la trace des roues. Il ne reste aux maisons qu’un rez-de-chaussée, mais les débris font voir que quelques-unes avaient plus d’un étage ; presque toutes ont une cour intérieure, au milieu de laquelle est un <hi rend="i">impluvium</hi> ou réservoir pour l’eau de pluie, qui allait ensuite se rendre dans une citerne contiguë. La plupart des maisons étaient ornées de pavés mosaïques, et de parois généralement peintes en rouge, en bleu et en jaune. Sur ce fond, l’on avait peint de jolies arabesques et des tableaux de diverses grandeurs. Les maisons ont généralement une chambre de bains qui est très-commode ; souvent les murs sont doubles, et l’espace intermédiaire est vide : il servait à préserver la chambre de l’humidité.</p>
<p>Les boutiques des marchands de denrées, liquides et solides, offrent des massifs de pierres souvent revêtus de marbre, et dans lesquels les vaisseaux qui contenaient les denrées étaient maçonnés.</p>
<p>On a pensé que le genre de commerce qui se faisait dans quelques maisons était désigné par des figures qui sont sculptées sur le mur extérieur ; mais il paraît que ces emblèmes indiquaient plutôt le génie sous la protection duquel la famille était placée.</p>
<p>Les foudres et les machines à moudre le grain font connaître les boutiques des boulangers. Ces machines consistent en une pierre à base ronde ; son extrémité supérieure est conique et s’adapte dans le creux d’une autre pierre qui est, de même, creusée en entonnoir dans sa partie supérieure : on faisait tourner la pierre d’en haut par le moyen de deux anses latérales que traversaient des barres de bois. Le grain, versé dans l’entonnoir supérieur, tombait par un trou entre l’entonnoir renversé et la pierre conique. Le mouvement de rotation le réduisait en farine.</p>
<p>Les édifices publics, tels que les temples et les théâtres, sont en général les mieux conservés, et par conséquent ce qu’il y a jusqu’à présent de plus intéressant dans Pompéi.</p>
<p>Le petit théâtre qui, d’après des inscriptions, servait aux représentations comiques, est en bon état ; il peut contenir quinze cents spectateurs : il y a, dans le grand, de la place pour plus de six mille personnes.</p>
<p>De tous les amphithéâtres anciens, celui de Pompéi est un des moins dégradés. En enlevant les décombres, on y a trouvé, dans les corridors qui font le tour de l’arène, des peintures qui brillaient des couleurs les plus vives ; mais à peine <pb n="151" xml:id="p156"/> frappées du contact de l’air extérieur, elles se sont altérées. On aperçoit encore des vestiges d’un lion, et un joueur de trompette vêtu d’un costume bizarre. Les inscriptions qui avaient rapport aux différents spectacles sont un monument très-curieux.</p>
<p>On peut suivre sur le plan les murailles de la ville ; c’est lé meilleur moyen de se faire une idée de sa forme et de son étendue.</p>
<p>« Ces remparts, dit M. Mazois, étaient composés d’un terre-plein terrasse et d’un contre-mur ; ils avaient quatorze pieds de largeur, et l’on y montait par des escaliers assez spacieux pour laisser passage à deux soldats de front. Ils sont soutenus, du côté de la ville, ainsi que du côté de la campagne, par un mur en pierres de taille. Le mur extérieur devait avoir environ vingt-cinq pieds d’élévation ; celui de l’intérieur surpassait le rempart en hauteur d’environ huit pieds. L’un et l’autre sont construits de l’espèce de lave qu’on appelle <hi rend="i">piperino,</hi> à l’exception de quatre ou cinq premières assises du mur extérieur qui sont en pierres de roche ou travestin grossier. Toutes les pierres en sont parfaitement bien jointes : le mortier est en effet peu nécessaire dans les constructions faites avec des matériaux d’un grand échantillon. Ce mur extérieur est partout plus ou moins incliné vers le rempart ; les premières assises sont, au contraire, en retraite l’une sur l’autre.</p>
<p>« Quelques-unes des pierres, surtout celles de ces premières assises sont entaillées et encastrées l’une dans l’autre de manière à se maintenir mutuellement. Comme cette façon de construire remonte à une haute antiquité, et qu’elle semble avoir suivi les constructions pélagisques ou cyclopéennes, dont elle conserve quelques traces, on peut conjecturer que la partie des murs de Pompéi, bâtie ainsi, est un ouvrage des Osques, ou du moins des premières colonies grecques qui vinrent s’établir dans la Campanie.</p>
<p>« Les deux murs étaient crénelés de manière que, vus du côté de la campagne, ils présentaient l’apparence d’une double enceinte de remparts.</p>
<p>« Ces murailles sont dans un grand désordre que l’on ne peut pas attribuer uniquement aux tremblements de terre qui précédèrent l’éruption de 79. Je pense, ajoute M. Mazois, que Pompéi a dû être démantelé plusieurs fois, comme le prouvent les brèches et les réparations qu’on y remarque. Il paraît même que ces fortifications n’étaient plus regardées depuis longtemps comme nécessaires, puisque, du côté où était le port, les habitations sont bâties sur les murs, que l’on a, en plusieurs endroits, abattus à cet effet.</p>
<p>« Ces murs sont surmontés de tours qui ne paraissent pas d’une si haute antiquité ; leur construction indique qu’elles sont du même temps que les réparations faites aux murailles ; elles sont de forme quadrangulaire, servent en même temps de poterne, et sont placées à des distances inégales les unes des autres.</p>
<p>« Il paraît que la ville n’avait pas de fossés, au moins du côté où l’on a fouillé ; car les murs, en cet endroit, étaient assis sur un terrain escarpé. »</p>
<p>On voit que, par leur genre de construction, les remparts sont les monuments qui résisteront le mieux à l’action du temps. Malgré l’attention extrême avec laquelle on a cherché à conserver ceux qui ont été découverts, l’exposition à l’air, dont ils étaient préservés depuis si longtemps, les a endommagés. Les pluies <pb n="152" xml:id="p157"/> d’hiver, extrêmement abondantes dans l’Europe méridionale, font pénétrer graduellement l’humidité entre les briques et leur revêtement. Il y croit des mousses, puis des plantes qui déjoignent les briques. Pour éviter la dégradation on a couvert les murs avec des tuiles, et placé des toits au-dessus des édifices.</p>
<p>Le plan indique cinq portes, désignées chacune par un nom qui n’a été donné que depuis la découverte de la ville, et qui n’est fondé sur aucun monument. La porte de Nola, la plus petite de toutes, est la seule dont l’arcade soit conservée. La porte la plus proche du forum, ou quartier des soldats, est celle par laquelle on entre : elle a été construite d’après l’antique.</p>
<p>Quelques personnes avaient pensé qu’au lieu d’enlever de Pompéi les divers objets que l’on y a trouvés, et d’en former un muséum à Portici, l’on aurait mieux fait de les laisser à leur place, ce qui aurait représenté une ville ancienne avec tout ce qu’elle contenait. Cette idée est spécieuse, et ceux qui la proposaient n’ont pas réfléchi que beaucoup de choses se seraient gâtées par le contact de l’air, et qu’indépendamment de cet inconvénient, on aurait couru le risque de voir plusieurs objets dérobés par des voyageurs peu délicats ; c’est ce qui n’arrive que trop souvent. Il faudrait, pour songer même à meubler quelques maisons, que l’enceinte de la ville fût entièrement déblayée, de manière à être bien isolée, et à ne pas offrir la facilité d’y descendre de dessus les terrains environnants ; alors on fermerait les portes, et Pompéi ne serait plus exposé à être pillé par des pirates terrestres.</p>
<p>L’on n’a eu dessein dans cette <hi rend="i">Notice</hi> que de donner une idée succincte de l’état des fouilles de Pompéi en 1817. Pour bien connaître ce lieu remarquable, il faut consulter le bel ouvrage de M. Mazois <ref target="#note379">1</ref>. L’on trouve aussi des renseignements précieux dans un livre que M. le comte de Clarac, conservateur des antiques, publia étant à Naples. Ce livre, intitulé <hi rend="i">Pompéi,</hi> n’a été tiré qu’à un petit nombre d’exemplaires, et n’a pas été mis en vente. M. de Clarac y rend un compte très-instructif de plusieurs fouilles qu’il a dirigées.</p>
<p>Il est d’autant plus nécessaire de ne consulter sur cet objet intéressant que des ouvrages faits avec soin, que trop souvent des voyageurs, ou même des écrivains qui n’ont jamais vu Pompéi, répètent avec confiance les contes absurdes débités par les <hi rend="i">ciceroni.</hi> Quelques journaux quotidiens de Paris ont dernièrement transcrit un article du <hi rend="i">Courrier</hi> de Londres, dans lequel M. W… abusait étrangement du privilége de raconter des choses extraordinaires. Il était question, dans son récit, d’argent trouvé dans le tiroir d’un comptoir, d’une lance encore appuyée contre un mur, d’épigrammes tracées sur les colonnes du quartier des soldats, de rues toutes bordées d’édifices publics.</p>
<p>Ces niaiseries ont engagé M.M…, qui a suivi pendant douze ans les fouilles de Pompéi, à communiquer au <hi rend="i">Journal des Débats,</hi> du 18 février 1821, des observations extrêmement sensées.</p>
<p>« Il est sans doute permis, dit M.M…, à ceux qui visitent Pompéi, d’écouter tous les contes que font les <hi rend="i">ciceroni</hi> ignorants et intéressés, afin d’obtenir des étrangers qu’ils conduisent quelques pièces de monnaie ; il est même très-permis d’y <pb n="153" xml:id="p158"/> ajouter foi, mais il y a plus que de la simplicité à les rapporter naïvement comme des vérités, et à les insérer dans les journaux les plus répandus.</p>
<p>« La relation de M.W… me rappelle que le chevalier Coghell, ayant vu au Muséum de la reine de Naples des <hi rend="i">Artoplas</hi> ou tourtières pour faire cuire le pain, les prit pour des chapeaux, et écrivit à Londres qu’on avait trouvé à Pompéi des chapeaux de bronze extrêmement légers.</p>
<p>Les fouilles de Pompéi sont d’un intérêt trop général, les découvertes qu’elles procurent sont trop précieuses sous le rapport de l’histoire de l’art et de la vie privée des anciens, pour qu’on laisse publier des relations niaises et erronées, sans avertir le public du peu de foi qu’elles méritent. »</p>
</div>
<div>
<head>Lettre de M. Taylor à M. Ch. Nodier sur les villes de Pompéi et d’Herculanum.</head>
<p>« Herculanum et Pompéi sont des objets si importants pour l’histoire de l’antiquité, que pour bien les étudier il faut y vivre, y demeurer.</p>
<p>« Pour suivre une fouille très-curieuse, je me suis établi dans la maison de Diomède ; elle est à la porte de la ville, près de la voie des Tombeaux, et si commode, que je l’ai préférée aux palais qui sont près du forum. Je demeure à côté de la maison de Salluste.</p>
<p>« On a beaucoup écrit sur Pompéi, et l’on s’est souvent égaré. Par exemple, un savant, nommé Matorelli, fut employé pendant deux années à faire un mémoire énorme pour prouver que les anciens n’avaient pas connu le verre de vitre, et quinze jours après la publication de son in-folio on découvrit une maison où il y avait des vitres à toutes les fenêtres. Il est cependant juste de dire que les anciens n’aimaient pas beaucoup les croisées, le plus communément le jour venait par la porte ; mais enfin, chez les patriciens, il y avait de très belles glaces aux fenêtres, aussi transparentes que notre verre de Bohême, et les carreaux étaient joints avec des listels de bronze de bien meilleur goût que nos traverses en bois.</p>
<p>« Un voyageur de beaucoup d’esprit et de talent, qui a publié des lettres sur la Morée, et un grand nombre d’autres voyageurs, trouvent extraordinaire que les constructions modernes de l’Orient soient absolument semblables à celles de Pompéi. Avec un peu de réflexion, cette ressemblance paraîtrait toute naturelle. Tous les arts nous viennent de l’Orient ; c’est ce qu’on ne saurait trop répéter aux hommes qui ont le désir d’étudier et de s’éclairer.</p>
<p>« Les fouilles se continuent avec persévérance et avec beaucoup d’ordre et de soin : on vient de découvrir un nouveau quartier et des thermes superbes. Dans une des salles, j’ai particulièrement remarqué trois sièges en bronze, d’une <pb n="154" xml:id="p159"/> forme tout à fait inconnue, et de la plus belle conservation. Sur l’un deux était placé le squelette d’une femme, dont les bras étaient couverts de bijoux, en outre des bracelets d’or, dont la forme était déjà connue ; j’ai détaché un collier qui est vraiment d’un travail miraculeux. Je vous assure que nos bijoutiers les plus experts ne pourraient rien faire de plus précieux ni d’un meilleur goût.</p>
<p>« Il est difficile de peindre le charme que l’on éprouve à toucher ces objets sur les lieux mêmes où ils ont reposé tant de siècles, et avant que le prestige ne soit tout à fait détruit. Une des croisées était couverte de très-belles vitres, que l’on vient de faire remettre au musée de Naples.</p>
<p>« Tous les bijoux ont été portés chez le roi. Sous peu de jours ils seront l’objet d’une exposition publique.</p>
<p>« Pompéi a passé vingt siècles dans les entrailles de la terre ; les nations ont passé sur son sol ; ses monuments sont restés debout, et tous ses ornements intacts. Un contemporain d’Auguste, s’il revenait, pourrait dire : « Salut, ô ma patrie ! ma demeure est la seule sur la terre qui ait conservé sa forme, et jusqu’aux moindres objets de mes affections. Voici ma couche ; voici mes auteurs favoris. Mes peintures sont encore aussi fraîches qu’au jour où un artiste ingénieux en orna ma demeure. Parcourons la ville, allons au théâtre ; je reconnais la place où pour la première fois j’applaudis aux belles scènes de <hi rend="i">Térence</hi> et d’<hi rend="i">Euripide. »</hi>
</p><p>Rome n’est qu’un vaste musée ; <hi rend="i">Pompéi est une antiquité vivante. »</hi>
</p></div>
</div><div><index><term xml:id="note376">(1) Je n’ai jamais pu lire le nom à demi effacé dans l’original écrit au crayon ; c’est sans doute la place de Jaude.</term>
<term xml:id="note377">(1) La Fontaine.</term>
<term xml:id="note378">(1) Cette dernière phrase annonçait mon voyage en Grèce et dans la Terre-Sainte ; voyage que j’exécutai en effet l’année suivante 1806. Voyez l’<hi rend="i">Itinéraire.</hi>
</term>
<term xml:id="note379">(1) <hi rend="i">Raines de Pompéi,</hi> in-fol.</term></index></div></body>
</text></TEI>