<?xml version="1.0" encoding="UTF-8"?><?xml-model href="http://oeuvres.github.io/Teinte/teinte.rng" type="application/xml" schematypens="http://relaxng.org/ns/structure/1.0"?><TEI xmlns="http://www.tei-c.org/ns/1.0" xmlns:epub="http://www.idpf.org/2007/ops" xml:lang="fr"><teiHeader>
<fileDesc>
<titleStmt>
<title>Pensées, réflexions et maximes</title>
<author key="Chateaubriand, François-René de (1768-1848)">François-René de Chateaubriand</author>
<principal>Andrea Del Lungo</principal>
<principal>Pierre Glaudes</principal>
<principal>Jean-Gabriel Ganascia</principal>
<editor>Maxime Perret</editor>
</titleStmt>
<editionStmt>
<edition>Cette édition a été établie dans le cadre du projet PHŒBUS, financé par l’Agence nationale de la recherche (2015-2019).</edition>
<respStmt>
<name>Gallica</name>
<resp>Corrections OCR</resp>
</respStmt>
<respStmt>
<name>Gallica</name>
<resp>Établissement du texte et stylage. Ce fichier est le résultat de la conversion en XML-TEI d'un format pivot adaptable DAISY DT BOOK mis à disposition par la BnF.</resp>
</respStmt>
<respStmt>
<name>Karolina Suchecka</name>
<resp>Édition XML/TEI</resp>
</respStmt>
<respStmt>
<name>Maxime Perret</name>
<resp>Coordinateur de l’édition</resp>
</respStmt>
</editionStmt>
<publicationStmt>
<publisher>eBalzac</publisher>
<publisher>ALITHILA (Université Lille III)</publisher>
<publisher>CELLF (CNRS &amp; Université Paris IV Sorbonne)</publisher>
<publisher>LIP6 (Université Paris VI)</publisher>
<date when="2017"/>
<availability status="restricted">
<licence target="http://creativecommons.org/licenses/by-nc-nd/3.0/fr/">
<p> Copyright © 2017 Université Charles-de-Gaulle Lille 3, agissant pour le projet ANR « Projet d’hypertexte de l’œuvre de Balzac par l’utilisation de similarités » (ci-après dénommé ANR Phœbus). </p>
<p> Cette ressource électronique protégée par le code de la propriété intellectuelle sur les bases de données (L341-1) est mise à disposition de la communauté scientifique internationale par l’ANR Phœbus, selon les termes de la licence Creative Commons : « Attribution - Pas d’Utilisation Commerciale - Pas de Modification 3.0 France (CC BY-NC-ND 3.0 FR) ». </p>
<p> Attribution : afin de référencer la source, toute utilisation ou publication dérivée de cette ressource électroniques comportera le nom de l’ANR Phœbus et surtout l’adresse Internet de la ressource. </p>
<p> Pas d’Utilisation Commerciale : dans l’intérêt de la communauté scientifique, toute utilisation commerciale est interdite. </p>
<p> Pas de Modification : l’ANR Phœbus s’engage à améliorer et à corriger cette ressource électronique, notamment en intégrant toutes les contributions extérieures, la diffusion de versions modifiées de cette ressource n’est pas souhaitable. </p>
</licence>
</availability>
<idno>http://gallica.bnf.fr/ark:/12148/bpt6k57869567</idno>
</publicationStmt>
<sourceDesc>
<bibl>
<title>Œuvres complètes</title>. <title>Augmentées d'un essai sur la vie et les ouvrages de l'auteur</title>, vol. 1 (1851-1852)/ Saint-Esprit, Delandine de (éd.), / Paris, / P.-H. Krabbe, / 32, rue Notre-Dame-des-Victoires. / <date>1851</date>
</bibl>
</sourceDesc>
</fileDesc>
<encodingDesc>
<p/>
</encodingDesc>
<profileDesc>
<creation>
<date when="1851"/>
</creation>
<langUsage>
<language ident="fr"/>
</langUsage>
</profileDesc>
</teiHeader><text>
<front>
<titlePage>
<docAuthor>François-René de Chateaubriand</docAuthor>
<docTitle>
<titlePart type="main">Pensées, réflexions et maximes</titlePart>
</docTitle>
</titlePage>
 <pb n="277" xml:id="p282"/>
</front>
<body>
    <div><p>La misère de l’homme ne consiste pas seulement dans la faiblesse de sa raison, l’inquiétude de son esprit, le trouble de son cœur ; elle se voit encore dans un certain fond ridicule des affaires humaines. Les révolutions surtout découvrent cette insuffisance de notre nature : si vous les considérez dans l’ensemble, elles sont imposantes ; si vous pénétrez dans le détail, vous apercevez tant d’ineptie et de bassesse, tant d’hommes renommés qui n’étaient rien, tant de choses dites l’œuvre du génie qui furent l’œuvre du hasard, que vous êtes également étonné et de la grandeur des conséquences, et de la petitesse des causes.</p>
    <p>Lorsqu’on est placé à distance des faits, qu’on n’a pas vécu au milieu des factions et des factieux, on n’est guère frappé que du côté grave et douloureux des événements ; il n’en est pas ainsi quand on a été soi-même acteur, ou spectateur compromis, dans des scènes sanglantes. Tacite, que la nature avait formé poëte, eût peut-être crayonné la satire de Pétrone, s’il eût siégé au sénat de Néron : il peignit la tyrannie de ce prince, parce qu’il vécut après lui : Butler, doué d’un génie observateur, eût peut-être écrit l’histoire de Charles 1<hi rend="sup">er</hi>, s’il fût né sous la reine Anne ; il se contenta de rimer <hi rend="i">Hudibras,</hi> parce qu’il avait vu les personnages de la révolution de Cromwell ; ils les avait vus, toujours parlant de vertu, de sainteté, d’indépendance, présenter leurs mains à toutes les chaînes, et, après avoir immolé le père, se courber sous le joug méprisable du fils.</p>
    <p>Il y a des iniquités politiques qui ne peuvent plus être impunément commises, à cause de la civilisation avancée des peuples. Que l’on ne croie pas que ces peuples puissent dire, sans résultat, à leurs gouvernements : « Tel crime, « tel malheur est arrivé par votre faute. » Les bases du pouvoir même sont ébranlées par ces reproches ; le respect des nations venant à manquer au pouvoir, ce pouvoir est en péril.</p>
    <p>Chez une nation qui conserve encore l’innocence primitive, le vice apporté par des étrangers fait des progrès plus rapides que dans une société déjà corrompue, comme un homme sain meurt de l’air pestiféré où vit un homme habitué à cet air.</p>
    <p>On peut arriver à la liberté par deux chemins : par les mœurs et par les lumières. Mais quand les mœurs et les lumières manquent à la fois, quand on ne peut être ni un républicain à la manière de Sparte, ni un républicain à la manière <pb n="278" xml:id="p283"/> des États-Unis, on peut encore conquérir la liberté, on ne la peut garder.</p>
    <p>La postérité se souvient des hommes qui ont changé les empires, très-peu de ceux qui les ont rétablis, à moins que ce rétablissement n’ait été durable. On admire ce qui crée, on estime à peine ce qui conserve : une grande gloire couvre de ténèbres tout ce qui la suit.</p>
    <p>Tourmentez-vous pour rétablir la vertu chez un peuple qui l’a perdue, vous n’y réussirez pas. Il y a un principe de destruction en tout. À quelle fin Dieu l’a-t-il établi ? C’est son secret.</p>
    <p>On s’étonne du succès de la médiocrité ; on a tort. La médiocrité n’est pas forte parce qu’elle est en elle-même, mais parles médiocrités qu’elle représente, et dans ce sens sa puissance est formidable. Plus l’homme en pouvoir est petit, plus il convient à toutes les petitesses. Chacun en se comparant à lui se dit : « Pourquoi n’arriverai-je pas à mon tour ? » Il n’excite aucune jalousie : les courtisans le préfèrent, parce qu’ils peuvent le mépriser ; les rois le gardent comme une manifestation de leur toute-puissance. Non-seulement la médiocrité a tous ces avantages pour rester en place, mais elle a encore un bien plus grand mérite : elle exclut du pouvoir la capacité. Le député des sots et des imbéciles au ministère caresse deux passions du cœur humain : l’ambition et l’envie.</p>
    <p>La médiocrité est assez souvent secondée par des circonstances qui donnent à ses desseins un air de profondeur. Ces hommes impuissants qui, pour la foule, paraissent diriger la fortune, sont tout simplement conduits par elle : comme ils lui donnent la main, on croit qu’ils la mènent.</p>
    <p>Les hommes de génie sont ordinairement enfants de leur siècle ; ils en sont comme l’abrégé ; ils en représentent les lumières, les opinions et l’esprit ; mais quelquefois aussi ils naissent ou trop tôt ou trop tard. S’ils naissent trop tôt, <hi rend="i">avant</hi> leur <hi rend="i">siécle naturel,</hi> ils passent ignorés ; leur gloire ne commence qu’après eux, lorsque le siècle auquel ils doivent appartenir est éclos ; s’ils naissent trop tard, <hi rend="i">après</hi> leur <hi rend="i">siècle naturel,</hi> ils ne peuvent rien, et ils n’arrivent point à une renommée durable. On les regarde un moment par curiosité, comme on regarderait les vieillards se promenant sur les places publiques avec les habits de leur temps. Des hommes de génie qui arrivent <hi rend="i">trop tard</hi> sont donc méconnus comme les hommes de génie qui arrivent <hi rend="i">trop tôt ;</hi> mais ils n’ont pas comme ces derniers un avenir, une postérité, des descendants pour établir leur gloire : ils ne pourraient être admirés que du passé, que de leurs devanciers, que des morts, public silencieux.</p>
    <p>Après des temps de malheur et de gloire, un peuple est enclin au repos ; et pour peu qu’il soit régi par des institutions tolérables, il se laisse facilement conduire par les plus petits ministres du monde ; cela le délasse et l’amuse, il compare ces pygmées aux géants qu’il a vus, et il rit. Il y a des exemples de lions attachés à un char et menés par des enfants ; mais ils ont toujours fini par dévorer leurs conducteurs.</p>
    <p>Pour les véritables saints et les hommes supérieurs, la religion est un admoniteur sévère qui leur apprend à s’humilier et leur enseigne la vraie vertu ; pour les hommes passionnés et vulgaires, ses leçons ne servent qu’à nourrir l’orgueil <pb n="279" xml:id="p284"/> humain et à donner des apparences de vertu. « Je marche sur la tête « de mes amis et de mes ennemis : qui peut dire cependant que je manque a d’humilité ? ne me suis-je pas mis à genoux ? »</p>
    <p>Écoutez cet homme qu’on appelle monseigneur : il vous dira qu’il n’est qu’un vilain, qu’il veut rester un vilain ; qu’il n’est pas fait pour occuper la place qu’il occupe ; que la révolutionne sera finie que quand un vilain comme lui cessera d’être un des premiers personnages de l’État. Monseigneur a cependant porté le bonnet rouge pour cesser d’être un vilain, comme il porte un habit brodé et un titre pour sortir de la classe des vilains. Fiez-vous à l’humilité de monseigneur, et croyez au paysan du Danube.</p>
    <p>Les mendiants vivent de leurs plaies : il y a des hommes qui profitent de tout, même du mépris.</p>
    <p>Point de politique sentimentale, disent les ministres. Bon Dieu, qu’ils se tranquillisent ! il n’y a aucun péril de ce côté : je ne sache pas beaucoup d’hommes qui aient conservé leur vieille passion. Vous ne voulez pas qu’on vous aime : eh ! que vous avez raison ! Mais puisque vous préférez la politique du fait à celle du droit, acceptez-en toutes les conséquences. Le fait nous donnera le droit d’examiner si vous autres ministres êtes bons à quelque chose, et s’il n’y a pas un autre fait qui vaille mieux que le vôtre.</p>
    <p>Si l’on vous donne un soufflet, rendez-en quatre, n’importe la joue.</p>
    <p>Il est bon de se prosterner dans la poussière quand on a commis une faute, mais il n’est pas bon d’y rester.</p>
    <p>Voyez cet homme ; son ressentiment est extrême. « Comment, Théodule se « plaint d’avoir été offensé par moi ? quelle insolence ! » Mais, homme puissant, si Théodule a aussi sa puissance ; s’il ne croit à personne le droit de l’outrager, qu’avez-vous à répliquer ? Le temps où un courtisan faisait trembler n’est plus ; il n’y a plus de faveur possible, excepté pour les valets de chambre ; tout est réduit à la valeur personnelle. Celui qui peut dire : « Vous avez eu besoin « de moi, je n’ai pas besoin de vous, » est aujourd’hui le véritable supérieur. C’était peut-être mieux autrefois : mais c’est comme cela maintenant. Ce que <hi rend="i">l’homme</hi> a perdu en pouvoir, les <hi rend="i">hommes</hi> l’ont gagné.</p>
    <p>Le vice, le bonheur, l’infortune, tiennent à un souffle. Vous mourez : deux heures après on ne pense plus à vous. Vous vivez, on n’y pense pas davantage. Qu’importent vos joies, vos peines, votre existence, non-seulement à votre voisin qui ne vous a jamais vu, mais encore à celte tourbe qu’on appelle vos amis ! Pourquoi donc se faire une affaire de la vie ? elle ne mérite pas la moindre attention.</p>
    <p>Quelquefois on oublie un moment ses douleurs, puis on les reprend comme un fardeau qu’on aurait déposé un moment pour se délasser.</p>
    <p>On finit par transformer en réalité les craintes de la tendresse : une mère voit sur le visage de son fils des marques d’une maladie qui n’y sont pas. Les autres chimères de la vie, au moral et au physique, produisent les mêmes illusions pour la peine ou le plaisir.</p>
    <p>On se réconcilie avec un ennemi qui nous est inférieur pour les qualités du cœur ou de l’esprit ; on ne pardonne jamais à celui qui nous surpasse par l’âme et le génie.</p>
    <pb n="280" xml:id="p285"/>
    <p>Votre ami vient de partir ; vous vous croyez fort contre l’absence : allez visiter la demeure de votre ami, elle vous apprendra ce que vous avez perdu et ce qui vous manque.</p>
    <p>Celui qui commet le crime, dans le danger qu’il y court et dans le tumulte de ses passions, n’a pas le temps d’écouter le remords ; mais celui qui n’est que le complice et le confident du crime, sans y avoir une part active, celui-là entend la voix vengeresse de la conscience. Il compte dans sa retraite les minutes qui s’écoulent. « A présent il se passe telle chose ; à présent on frappe ! » Oui, malheureux, on frappe ! et c’est la main de Dieu qui s’appesantit sur toi.</p>
    <p>Le ver de la tombe commence à ronger la conscience du méchant avant de lui dévorer le cœur.</p>
    <p>La cause la plus juste pourrait-elle, par des circonstances fatales, paraître la plus injuste ? Se peut-il présenter un cas où l’innocence ne se puisse prouver, et où la victime qui périt et le juge qui prononce soient également innocents ? Que serait-ce alors que la justice humaine ?</p>
    <p>Si l’on a le droit de tuer un tyran, ce tyran peut être votre père ; le parricide est donc autorisé dans certains cas ? Qui pourrait soutenir une pareille proposition ?</p>
    <p>Un charme est au fond des souffrances comme une douleur au fond des plaisirs : la nature de l’homme est la misère.</p>
    <p>Celui qui souffre pour Dieu a l’avantage d’être toujours préparé à sa dernière heure, avantage qui n’est pas donné à tous les infortunés.</p>
    <p>Les grandes afflictions semblent raccourcir les heures, comme les grandes joies ; tout ce qui préoccupe fortement l’âme empêche de compter les instants.</p>
    <p>Il faut avoir le cœur placé haut pour verser certaines larmes : la source des grands fleuves se trouve sur le sommet des monts qui avoisinent le ciel.</p>
    <p>L’âme de l’homme est transparente comme l’eau de la fontaine, tant que les chagrins qui sont au fond n’ont point été remués.</p>
    <p>La simplicité vient du cœur, la naïveté, de l’esprit. Un homme simple est presque toujours un bon homme ; un homme naïf peut être un fripon ; et pourtant la naïveté est toujours naturelle, tandis que la simplicité peut être l’effet de l’art.</p>
    <p>Il y a des hommes qui ne sont point éloquents, parce que leur cœur parle trop haut, et les empêche d’entendre ce qu’ils disent.</p>
    <p>Redemande au repentir la robe de l’innocence : c’est lui qui l’a trouvée, et qui la rend à ceux qui l’ont perdue.</p>
    <p>Caresser la vertu sans être capable de l’aimer, c’est presser les deux belles mains d’une jeune femme dans les mains ridées de la vieillesse.</p>
    <p>Aussitôt qu’une pensée vraie est entrée dans notre esprit, elle jette une lumière qui nous fait voir une foule d’autres objets que nous n’apercevions pas auparavant.</p>
    <p>Les sentiments d’un certain ordre s’accroissent en proportion des malheurs de l’objet aimé : c’est la flamme qui se propage plus rapidement au souffle de la tempête.</p>
    <p>La vertu est quelquefois oubliée dans son passage ici-bas, mais elle revit tôt on <pb n="281" xml:id="p286"/> tard ; on la retire des tombeaux comme on retire du sein de la terre une statue antique qui fait l’admiration des hommes.</p>
    <p>Souvent les gens de bien pleurent à la même heure où les pervers se réjouissent : le même moment voit s’accomplir une action honnête et une action coupable. Le vice et la vertu sont frère et sœur ; ils ont été engendrés par l’homme : Abel et Caïn étaient enfants du même père.</p>
    <p>Il y a des hommes pour lesquels la vertu n’est point la vertu reconnue par les autres hommes ; ils n’appellent point de ce nom toutes les choses régulières, mais inférieures, de l’existence, cette honnêteté vulgaire qui remplit exactement ses devoirs : la vertu pour eux est un élan de l’âme qui nous porte vers le bien aux dépens de notre bonheur et de notre vie, ou une force qui nous fait dompter nos passions les plus fougueuses. Ces hommes-là s’élèvent au-dessus des autres hommes ; mais à quoi sont-ils bons dans la société ? Comme les montagnes dans la nature, comme les monuments gigantesques dans les arts, ils sortent des proportions communes : on les regarde, et on en a peur.</p>
    <p>Les caractères exaltés dans les gens vulgaires sont insupportables ; unis à une grande âme ou à un beau génie, ils entraînent tout. Ces caractères ne veulent pas séduire, et ils séduisent ; ils ignorent eux-mêmes leur force, et sont tout étonnés d’avoir fait tant d’heureux ou tant de victimes.</p>
    <p>Le malheur agit sur nous selon notre caractère. Un homme pourrait se sauver en s’expliquant, et il ne le veut pas ; un autre croit réparer tout en parlant, et il se perd.</p>
    <p>Il serait étrange que l’homme prétendit à une constance inaltérable, lorsque toute la nature change autour de lui : l’arbre perd ses feuilles ; l’oiseau, ses plumes ; le cerf, ses rameaux. L’homme seul dirait : « Mon âme est inébranlable ; telle elle est aujourd’hui, telle elle sera demain ; » l’homme, dont les sentiments sont plus inconstants que les nuages ! l’homme, qui veut et ne veut plus ! l’homme, qui se dégoûte même de ses plaisirs, comme l’enfant de ses jouets !</p>
    <p>Souvent des personnes qui s’aiment se jurent, au commencement de leur bonheur, de quitter ensemble la vie ; mais il arrive qu’elles ne marchent pas avec la même vitesse, et quand l’une est prête à atteindre le but, l’autre ne l’est pas, ou ne l’est plus.</p>
    <p>La méchanceté est de tous les esprits le plus facile. Rien n’est si aisé que d’apercevoir un ridicule ou un vice, et de s’en moquer ! il faut des qualités supérieures pour comprendre le génie et la vertu.</p>
    <p>Quand on parle des vices d’un homme, si on vous dit : « Tout le monde le dit, » ne le croyez pas ; si l’on parle de ses vertus en vous disant encore : « Tout le monde le dit » croyez-le.</p>
    <p>Avez-vous des chagrins, attachez vos yeux sur un enfant qui dort, qu’aucun songe n’alarme : vous emprunterez quelque chose de cette innocence ; vous vous sentirez tout apaisé.</p>
    <p>Deux amis qui souffrent sont quelquefois des heures entières sans se parler. Quelle conversation vaudrait ce commerce de la pensée dans la langue muette du malheur ?</p>
    <pb n="282" xml:id="p287"/>
    <p>Les autres nous semblent toujours plus heureux que nous ; et pourtant ce qu’il y a d’étrange, c’est que l’homme qui changerait volontiers sa position ne consentirait presque jamais à changer sa personne. Il voudrait bien peut-être se rajeunir un peu, pas trop encore, et marcher droit s’il était boiteux ; mais il se conserverait tout l’ensemble de sa personne, dans laquelle il trouve mille agréments et un je ne sais quoi qui le charme. Quant à son esprit, il n’en altérerait pas la moindre parcelle : nous nous habituons à nous-mêmes, et nous tenons à notre vieille société.</p>
    <p>Revoyez au jour de l’infortune le lieu que vous habitiez au temps du bonheur : il s’en exhale quelque chose de triste, formé du souvenir des joies passées et du sentiment des maux présents. N’est-ce pas là qu’à telle époque vous aviez été si heureux ? et maintenant ! Ces lieux sont pourtant les mêmes : qu’y a-t-il donc de changé ? l’homme.</p>
    <p>Ceux qui ont jamais eu quelque chose d’important à communiquer à un ami savent la peine qu’on éprouve lorsqu’en arrivant le cœur ému, on ne trouve point cet ami ; que personne ne peut vous dire où il est. Si c’est la mort qui l’a emmené ?</p>
    <p>Il faut des secrets pour réparer la beauté du corps : il n’en faut point pour maintenir celle de l’âme.</p>
    <p>Chaque homme a un lieu particulier dans le monde, où il peut dire qu’il a joui de la plus grande somme de bonheur : le calcul est bientôt fait.</p>
    <p>Une passion dominante éteint les autres dans notre âme, comme le soleil fait disparaître les astres dans l’éclat de ses rayons.</p>
    <p>Tels hommes voyagent ensemble, et se parlent peu ou point sur la route. Quoique du même pays, ils ne s’entendent point et ne sont point de la même nature : les uns sont nés blancs, et les autres noirs.</p>
    <p>La conversation des esprits supérieurs est inintelligible aux esprits médiocres, parce qu’il y a une grande partie du sujet sous-entendue et devinée.</p>
    <p>Une certaine étendue d’esprit fait qu’on s’accoutume sur-le-champ aux usages étrangers, et qu’on a l’air de les avoir pratiqués toute sa vie, à un embarras près, qui n’est pas sans grâce ou sans noblesse.</p>
    <p>La célébrité peut-elle faire illusion au point d’inspirer une passion pour ce que la nature a rendu désagréable ? je ne le crois pas : la gloire est pour un vieil homme ce que sont les diamants pour une vieille femme : ils la parent, et ne peuvent l’embellir.</p>
    <p>Les plaisirs de notre jeunesse, reproduits par notre mémoire, ressemblent à des ruines vues au flambeau.</p>
    <p>Il est un âge où quelques mois ajoutés à la vie suffisent pour développer des facultés jusqu’alors ensevelies dans un cœur à demi fermé : on se couche enfant, on se réveille homme.</p>
    <p>Si quelques heures font une grande différence dans le cœur de l’homme, faut-il s’en étonner ? il n’y a qu’une minute de la vie à la mort.</p>
    <p>Les peines sont dans l’ordre des destinées : ceux qui, cherchant à les oublier, s’occupent de l’avenir, ne songent pas qu’ils ne verront point cet avenir. Chacun en mourant, remet le poids de la vie à un autre ; à chaque sépulture, il y a un homme <pb n="283" xml:id="p288"/> qui reçoit le fardeau de la main de l’homme qui se va reposer : le nouveau messager porte à son tour ce fardeau jusqu’à la tombe prochaine.</p>
    <p>Tous les hommes se flattent ; nous avons tous à la bouche celle phrase banale : Il y a bien loin d’aujourd’hui à telle époque. – Bien loin ! et la vie, combien dure-t-elle ?</p>
    <p>L’arbre tombe feuille à feuille : si les hommes contemplaient chaque matin ce qu’ils ont perdu la veille, ils s’apercevraient bien de leur pauvreté.</p>
    <p>L’homme n’a au fond de l’âme aucune aversion contre la mort ; il y a même du plaisir à mourir. La lampe qui s’éteint ne souffre pas.</p>
    <p>La Mort, selon les Sauvages, est une grande femme fort belle, à laquelle il ne manque que le cœur.</p>
    <p>La cendre d’un mort, quel que fût de son vivant le décédé, est sacrée. La poussière des tyrans donne d’aussi grandes leçons que celle des bons rois.</p>
    <p>Il y a deux points de vue d’où la mort se montre bien différente. De l’un de ces points vous apercevez la mort au bout de la vie, comme un fantôme à l’extrémité d’une longue avenue : elle vous semble petite dans l’éloignement ; mais à mesure que vous en approchez elle grandit ; le spectre démesuré finit par étendre sur vous ses mains froides et par vous étouffer.</p>
    <p>De l’autre point de vue la mort paraît énorme au fond de la vie ; mais à mesure que vous marchez sur elle, elle diminue, et quand vous êtes au moment de la toucher, elle s’évanouit. L’insensé et le sage, le poltron et le brave, l’esprit impie et l’esprit religieux, l’homme de plaisir et l’homme de vertu, voient ainsi différemment la mort dans la perspective.</p>
    <p>La voix de l’homme ne se ranime pas comme celle de l’écho : l’écho peut dormir dix siècles au fond d’un désert, et répondre ensuite au voyageur qui l’interroge ; la tombe ne répond jamais.</p>
    <p>Toi qui donnas ta vie et ta mort aux hommes, toi qui aimes ceux qui pleurent, exauce la prière de l’infortuné qui souffre à ton exemple ! soutiens le fardeau qui l’écrase ! sois pour lui le Cyrénéen qui t’aida à porter la croix sur le Golgotha.</p>
    
    <closer>FIN DES PENSÉES, RÉFLEXIONS ET MAXIMES.</closer></div>
   </body>
</text></TEI>