<?xml version="1.0" encoding="UTF-8"?><?xml-model href="http://oeuvres.github.io/Teinte/teinte.rng" type="application/xml" schematypens="http://relaxng.org/ns/structure/1.0"?><TEI xmlns="http://www.tei-c.org/ns/1.0" xmlns:epub="http://www.idpf.org/2007/ops" xml:lang="fr"><teiHeader>
<fileDesc>
<titleStmt>
<title>Mélanges littéraires</title>
<author key="Chateaubriand, François-René de (1768-1848)">François-René de Chateaubriand</author>
<principal>Andrea Del Lungo</principal>
<principal>Pierre Glaudes</principal>
<principal>Jean-Gabriel Ganascia</principal>
<editor>Maxime Perret</editor>
</titleStmt>
<editionStmt>
<edition>Cette édition a été établie dans le cadre du projet PHŒBUS, financé par l’Agence nationale de la recherche (2015-2019).</edition>
<respStmt>
<name>Gallica</name>
<resp>Corrections OCR</resp>
</respStmt>
<respStmt>
<name>Gallica</name>
<resp>Établissement du texte et stylage. Ce fichier est le résultat de la conversion en XML-TEI d'un format pivot adaptable DAISY DT BOOK mis à disposition par la BnF.</resp>
</respStmt>
<respStmt>
<name>Karolina Suchecka</name>
<resp>Édition XML/TEI</resp>
</respStmt>
<respStmt>
<name>Maxime Perret</name>
<resp>Coordinateur de l’édition</resp>
</respStmt>
</editionStmt>
<publicationStmt>
<publisher>eBalzac</publisher>
<publisher>ALITHILA (Université Lille III)</publisher>
<publisher>CELLF (CNRS &amp; Université Paris IV Sorbonne)</publisher>
<publisher>LIP6 (Université Paris VI)</publisher>
<date when="2017"/>
<availability status="restricted">
<licence target="http://creativecommons.org/licenses/by-nc-nd/3.0/fr/">
<p> Copyright © 2017 Université Charles-de-Gaulle Lille 3, agissant pour le projet ANR « Projet d’hypertexte de l’œuvre de Balzac par l’utilisation de similarités » (ci-après dénommé ANR Phœbus). </p>
<p> Cette ressource électronique protégée par le code de la propriété intellectuelle sur les bases de données (L341-1) est mise à disposition de la communauté scientifique internationale par l’ANR Phœbus, selon les termes de la licence Creative Commons : « Attribution - Pas d’Utilisation Commerciale - Pas de Modification 3.0 France (CC BY-NC-ND 3.0 FR) ». </p>
<p> Attribution : afin de référencer la source, toute utilisation ou publication dérivée de cette ressource électroniques comportera le nom de l’ANR Phœbus et surtout l’adresse Internet de la ressource. </p>
<p> Pas d’Utilisation Commerciale : dans l’intérêt de la communauté scientifique, toute utilisation commerciale est interdite. </p>
<p> Pas de Modification : l’ANR Phœbus s’engage à améliorer et à corriger cette ressource électronique, notamment en intégrant toutes les contributions extérieures, la diffusion de versions modifiées de cette ressource n’est pas souhaitable. </p>
</licence>
</availability>
<idno>http://gallica.bnf.fr/ark:/12148/bpt6k57869567</idno>
</publicationStmt>
<sourceDesc>
<bibl>
<title>Œuvres complètes</title>. <title>Augmentées d'un essai sur la vie et les ouvrages de l'auteur</title>, vol. 1 (1851-1852)/ Saint-Esprit, Delandine de (éd.), / Paris, / P.-H. Krabbe, / 32, rue Notre-Dame-des-Victoires. / <date>1851</date>
</bibl>
</sourceDesc>
</fileDesc>
<encodingDesc>
<p/>
</encodingDesc>
<profileDesc>
<creation>
<date when="1851"/>
</creation>
<langUsage>
<language ident="fr"/>
</langUsage>
</profileDesc>
</teiHeader><text>
<front>
<titlePage>
<docAuthor>François-René de Chateaubriand</docAuthor>
<docTitle>
<titlePart type="main">Mélanges littéraires.</titlePart>
</docTitle>
</titlePage>
 <pb n="155" xml:id="p160"/>
</front>
<body>
    
    
    
    
    <div>
<head>Préface</head>
     
     
     <p>Le succès des poëmes d’Ossian en Angleterre fit naître une foule d’imitateurs de Macpherson. De toutes parts on prétendit découvrir des poésies erses ou galliques ; trésors enfouis que l’on déterrait, comme ceux de quelques mines de la Gornouailles, oubliées depuis le temps des Carthaginois. Les pays de Galles et d’Irlande rivalisèrent de patriotisme avec l’Ecosse ; toute la littérature se divisa ; les uns soutenaient avec Blair que les poëmes d’Ossian étaient originaux ; les autres prétendaient avec Johnson qu’Ossian n’était autre que Macpherson. On se porta des défis ; on demanda des preuves matérielles : il fut impossible de les donner, car les textes imprimés des chants du fils de Fingal ne sont que des traductions galliques des prétendues traductions anglaises d’Ossian.</p>
     <p>Lorsqu’en 1793 la révolution me jeta en Angleterre, j’étais grand partisan du barde écossais : j’aurais, la lance au poing, soutenu son existence envers et contre tous, comme celle du vieil Homère. Je lus avec avidité une foule de poëmes inconnus en France, lesquels, mis en lumière par divers auteurs, étaient indubitablement, à mes yeux, du père d’Oscar tout aussi bien que les manuscrits runiques de Macpherson. Dans l’ardeur de mon admiration et de mon zèle, tout malade et tout occupé que j’étais <ref target="#note388">1</ref>, je traduisis quelques productions <hi rend="i">ossianiques</hi> de John Smith. Smith n’est pas l’inventeur du genre ; il n’a pas la noblesse et la verve épique de Macpherson ; mais peut-être son talent a-t-il quelque chose de plus élégant et de plus tendre. Au reste, ce pseudonyme, en voulant peindre des hommes barbares et des mœurs sauvages, trahit à tout moment, dans ses images et dans ses pensées, les mœurs et la civilisation des temps modernes.</p>
     <p>J’avais traduit Smith presque en entier : je ne donne que les trois poëmes de <hi rend="i">Dargo,</hi> de <hi rend="i">Duthona</hi> et de <hi rend="i">Gaul.</hi> C’est pour l’art une bonne étude que celle de ces <pb n="156" xml:id="p161"/> auteurs ou de ces langues qui commencent la phrase par tous les bouts, par tous les mots, depuis le verbe jusqu’à la conjonction, et qui vous obligent à conserver la clarté du sens, au milieu des inversions les plus audacieuses. J’ai fait disparaître les redites et les obscurités du texte anglais : ces chants qui sortent les uns des autres, ces histoires qui se placent comme des parenthèses dans des histoires, ces lacunes opposées d’un manuscrit inventé, peuvent avoir leur mérite chez nos voisins ; mais nous voulons en France des choses <hi rend="i">qui se conçoivent bien et qui s’énoncent clairement.</hi> Notre langue a horreur de ce qui est confus, notre esprit repousse ce qu’il ne comprend pas tout d’abord. Quant à moi, je l’avoue, le vague et le ténébreux me sont antipathiques : un nominatif qui se perd, des relatifs qui s’embarrassent, des amphibologies qui se forment, me désolent. Je suis persuadé qu’on peut toujours dégager une pensée des mots qui la voilent, à moins que cette pensée ne soit un lieu commun guindé dans des nuages : l’auteur qui a la conscience de ce lieu commun n’ose le faire descendre du milieu des vapeurs, de crainte qu’il ne s’évanouisse.</p>
     <p>Je répète ici ce que j’ai dit ailleurs : je ne crois plus à l’authenticité des ouvrages d’Ossian, je n’ai plus aussi pour eux le même enthousiasme : j’écoute cependant encore la harpe du barde, comme on écoulerait une voix monotone, il est vrai, mais douce et plaintive. Macpherson a ajouté aux <hi rend="i">chants des Muses </hi>une note jusqu’à lui inconnue ; c’est assez pour le faire vivre. <hi rend="i">OEdipe et</hi> An<hi rend="i">tigone</hi> sont les types d’Ossian et de Malvina, déjà reproduits dans le <hi rend="i">Roi Léar. </hi>Les débris des tours de Morven, frappés des rayons de l’astre de la nuit, ont leur charme ; mais combien est plus touchante dans ses ruines la Grèce éclairée, pour ainsi dire, de sa gloire passée !</p>
     
    </div>
    <div>
<head>Dargo. Poème.</head>
     
     
     <div>
<head>Chant premier.</head>
      
      
      <p>Dargo est appuyé contre un arbre solitaire ; il écouté le vent qui murmure tristement dans le feuillage : l’ombre de Crimoïna se lève sur les flots azurés du lac. Les chevreuils l’aperçoivent sans en être effrayés, et passent avec lenteur sur la colline ; aucun chasseur ne trouble leur paix, car Dargo est triste, et les ardents compagnons de ses chasses aboient inutilement à ses côtés. Et moi aussi, ô Dargo ! je sens tes infortunes. Les larmes tremblent dans mes yeux comme la rosée sur l’herbe des prairies, quand je me souviens de tes malheurs.</p>
      <p>Comhal était assis au lieu où les daims paissent maintenant sur sa tombe : un chêne sans feuillage, et trois pierres grisâtres rongées par la mousse des ans, marquent les cendres du héros. Les guerriers de Comhal étaient rangés autour de <pb n="157" xml:id="p162"/> lui : penchés sur leurs boucliers, ils écoutaient la chanson du barde. Tout à coup ils tournent les yeux vers la mer : un nuage parait parmi les vagues lointaines ; nous reconnaissons le vaisseau d’Inisfail ; au haut de ses mâls est suspendu le signal de détresse. « Déployez mes voiles ! s’écrie Comhal ; volons pour secourir nos amis ! »</p>
      <p>La nuit nous surprit sur l’abîme. Les vagues enflaient leur sein écumant, et les vents mugissaient dans nos voiles : la nuit de la tempête est sombre, mais une île déserte est voisine, et ses bras se courbent comme mon arc lorsque j’envoie la mort à l’ennemi. Nous abordons à cette île ; là nous attendons le retour de la lumière ; là Les matelots rêvent aux dangers qui ne sont plus.</p>
      <p>Nous sommes dans la baie de Bolha. L’oiseau des morts crie ; une voix triste sort du fond d’une caverne. « C’est l’ombre de Dargo qui gémit, dit Comhal ; de Dargo que nous avons perdu en revenant des guerres de Lochlin.</p>
      <p>Les vagues confondaient leurs sommets blanchis parmi les nuages, et leurs flancs bleuâtres s’élevaient entre nous et la terre. Dargo monte au haut du mât pour découvrir Morven, mais il ne voit point Morven. Les cuirs humides glissent dans ses mains, il tombe et s’ensevelit dans les flots ; un tourbillon chasse au loin nos navires ; notre chef échappe à nos yeux. Nous chantâmes un chant à sa gloire ; nous invitâmes les ombres de ses pères à le recevoir dans leur palais de nuages. Ils n’écoutèrent point nos vœux. L’ombre de Dargo habite encore les rochers ; elle n’est point errante sur les blondes collines, dans les détours verdoyants des vallées. Chante, ô Ullin ! les louanges du héros : il reconnaîtra ta voix, et se réjouira au bruit de sa renommée. »</p>
      <p>Ainsi parle Comhal, et le barde saisit sa harpe ; « Paix à ton ombre, toi qui as soutenu quelquefois seul les efforts de toute une armée ! paix à ton ombre, ô Dargo ! que ton sommeil soit profond, enfant de la caverne, sur un rivage étranger ! »</p>
      <p>A peine Ullin a-t-il cessé ses chants, qu’une voix se fait entendre : « M’ordonnes-tu de demeurer sur ces roches désertes, ô barde de Combal ? les guerriers de Morven abandonnent-ils leurs amis dans l’infortune ? » Ainsi disait Dargo lui-même en descendant de la colline.</p>
      <p>Galchos, ancien ami de Dargo, reconnaît sa voix ; il y répond par les cris joyeux dont jadis il appelait son ami à la poursuite des hôtes des forêts ; il est déjà dans les bras de Dargo ; les étoiles virent entre les nuages brisés le bonheur des deux guerriers. Dargo se présente à Comhal. « Tu vis ! s’écria Comhal ; « comment échappas-tu à l’Océan lorsqu’il roula ses flots sur sa tête ? »</p>
      <p>– « La vague, répondit Dargo, me jeta sur ces bords. Depuis ce temps, la lune a vu sept fois s’éteindre et sept fois se rallumer sa lumière ; mais sept années ne sont pas plus longues sur la cime rembrunie de Morven. Toujours assis sur le rocher, en murmurant les chants de nos bardes, je prêtais l’oreille, ou au bruit des vagues, ou au cri de l’oiseau qui planait sur leurs déserts, en jetant des voix plaintives. Ce temps marcha peu, car lents sont les pas du soleil, et paresseuse la lumière de la lune sur cette rive solitaire. »</p>
      <p>Dargo s’interrompit tout à coup. « Pourquoi, reprit-il en regardant Comhal, pourquoi ces larmes silencieuses, pourquoi ces regards attendris ? Ah ! ils ne sont <pb n="158" xml:id="p163"/> pas pour le récit de mes peines, ils sont pour la mort d’Évella ! Oui, je le sais, Évella n’est plus ; j’ai vu son ombre glisser dans la vapeur abaissée, lorsque l’astre des nuits brillait à travers le voile d’une légère ondée, sur la surface unie de la mer. J’ai vu mon amour, mais son visage était pâle ; des gouttes humides tombaient de ses beaux cheveux, comme si elle eût sorti du sein de l’Océan ; le cours de ses larmes était tracé sur ses joues, J’ai reconnu Évella, J’ai presque senti son malheur. En vain j’ai appelé mon amante ; les ombres des vierges de Morven me l’ont ravie ; elles chantaient autour d’elle : leurs voix ressemblaient aux derniers soupirs du vent dans un soir d’automne, lorsque la nuit descend par degrés dans la vallée de Cona, et que de faibles murmures se font entendre parmi les roseaux qui bordent les ondes. Évella suivit les gracieux fantômes ; mais elle me jeta un regard douloureux sur mon rocher. La suave musique cessa, la belle vision s’évanouit. Depuis ce temps, je n’ai cessé de pleurer au lever du soleil, de pleurer au coucher du soleil. Quand te reverrai-je, Évella ? Dis-moi, Comhal, quelle fut la destinée de la fille de Morven ? »</p>
      <p>– « Évella apprit ton malheur, répondit Comhal. Durant trois soleils, elle reposa sa tête inclinée sur son bras d’albâtre ; au quatrième soleil, elle descendit sur le rivage de la mer, et chercha le corps de Dargo. Les filles de Morven la virent du sommet de la colline ; elles essuyèrent leurs larmes avec les boucles de leur chevelure. Elles s’avancèrent en silence pour consoler Évella ; mais elles la trouvèrent affaissée comme un monceau de neige, et belle encore comme un cygne du rivage, Les filles de Morven pleurèrent, et les bardes firent entendre des chants. Puisses-tu, ô Dargo ! vivre comme Évella dans la renommée ! puisse ainsi durer notre mémoire, quand nous nous enfoncerons dans la tombe ! »</p>
      <p>Ainsi dit Comhal. Mais nous apercevons une grande lumière dans Inisfail ; nous découvrons le signal qui annonce le danger du roi. Aussitôt nous nous précipitons dans nos vaisseaux ; Dargo est avec nous, nous quittons l’ile déserte ; nous nous hâtons pour disperser les ennemis d’Inisfail</p>
      <p>Les vents de Morven viennent à notre aide ; ils remplissent le sein de nos voiles ; lès mariniers se courbent et se redressent sur la rame, qui brise, en écumant, la tête sombre et mobile des flots. Chaque héros a les yeux fixés sur le rivage : toutes les âmes sont déjà dans le champ du carnage ; mais l’on est encore à quelque distance d’Inisfail. Dargo seul ne ressent point la joie du péril ; ses yeux sont baissés, son front est appuyé sur son bras, qui repose sur le bord d’un bouclier. Comhal observe la tristesse de ce chef ; il fait un signe à Ullin, afin que le chant du barde réveille le cœur de Dargo. Ullin chante au bruit des vaisseaux qui sillonnent les vagues :</p>
      <p>« Colda vivait aux jours de Trenmor. Il poursuivait les daims autour de la baie d’Étha : les rochers, couverts de forêts, répondaient à ses cris, et les fils légers de la montagne tombèrent. Mélina l’aperçut d’un autre rivage : elle veut traverser la baie sur un esquif bondissant. Un tourbillon descend du ciel, et renverse la nef ; Mélina s’attache à la carène. Je meurs ! s’écrie-telle : Colda, mon guerrier, viens à mon secours !</p>
      <pb n="159" xml:id="p164"/>
      <p>La nuit déploya ses ombres ; plus faiblement alors la voix murmura des plaintes, plus faiblement encore elle fut répétée par les échos du rivage ; elle s’évanouit enfin dans les ténèbres. Colda trouva Mélina à demi ensevelie dans le sable ; il éleva pour elle la pierre du tombeau sous un chêne, auprès d’un torrent : le chasseur aime ce lieu solitaire, il s’y repose à l’ombre quand le soleil brûle la plaine. Colda fut longtemps triste ; il s’égarait seul à travers les bois des coteaux d’Étha ; chaque nuit, les oiseaux des mers écoutaient ses soupirs : mais l’ennemi vint, et le bouclier de Trenmor retentit ; Colda saisit sa lance, et fut vainqueur. La joie reparut peu à peu sur son visage, comme le soleil sur la bruyère quand la tempête est passée. »</p>
      <p>– « Le souvenir de ce chef, dit Dargo, revit dans ma mémoire, mais comme les faibles traces d’un songe depuis longtemps évanoui. Colda conduisit souvent les pas de mon enfance au chêne d’Étha ; les larmes tombaient de ses yeux, en s’avançant sur les grèves abandonnées. Je lui demandais pourquoi il pleurait ; il me répondait : C’est ici que dort Mélina. O Colda ! je me suis reposé sur sa tombe et sur la tienne ! Puisse ma renommée me survivre, de même que ta gloire est restée après toi, lorsque je serai errant dans les nuages avec la belle Évella ! »</p>
      <p>– « Oui, ton nom demeurera parmi les hommes, dit Comhal. Mais nous touchons au rivage. Vois-tu ces boucliers roulant comme la lune à travers le brouillard ? Leurs bosses reluisent aux rayons du matin. Les guerriers d’Inisfail sont là ; le roi regarde par la fenêtre. De son palais il aperçoit un nuage grisâtre : des larmes tombent sur la pierre de la fenêtre. Nos voiles sont le nuage grisâtre ; le roi les a reconnues ; la joie éclate dans ses yeux ; il s’écrie : Voici Comhal ! »</p>
      <p>Les chefs de Lochlin ont aussi reconnu les guerriers de Morven, qui viennent au secours d’Inisfail. Leur armée se courbe, et s’avance à la rencontre de ces guerriers. Armor la conduit : il s’élève au-dessus des héros comme le chef rougeâtre au-dessus des troupeaux de biches dans les bois de Morven. Comhal s’écrie : « Ceignez vos épées ; rappelez les jours de votre gloire, et les anciennes batailles de Morven. Dargo, présente ton large bouclier ; Carrill, que ton glaive rapide jette encore des ondes de lumière ; lève cette lance, ô Connal ! qui si souvent joncha la terre de morts ; et toi, Ullin, que ta voix nous anime aux combats sanglants ! »</p>
      <p>Nous fondons sur l’ennemi : il était immobile comme le chêne de Malaor, que ne peut ébranler la tempête. Inisfail nous vit, et se précipita dans la vallée pour se joindre à nous. Lochlin plie sous les coups de l’orage ; ses branches arrachées couvrent les champs. Armor combattit le chef d’Inisfail, mais la lance du roi cloua le bouclier d’Armor à sa poitrine. Lochlin, Morven et Inisfail pleurèrent la mort dû jeune chef sitôt abattu. Son barde entonna le chant de la tombe :</p>
      <p>« Ta taille, ô Armor ! était celle du pin. L’aile de l’aigle marin n’égalait pas la rapidité de ta course ; ton bras descendait sur les guerriers comme le tourbillon de Loda, et mortelle était ton épée comme les brouillards du Légo.</p>
      <p>Pourquoi, ô mon héros ! es-tu tombé dans ta jeunesse ? comment apprendre à <pb n="160" xml:id="p165"/> ton père qu’il n’a plus de fils ? comment dire à Crimoïna qu’elle n’a plus d’amant ? Je vois ton père courbé sous le poids des années : sa main est incertaine sur le bâton qui l’appuie ; sa tête, qu’ombragent encore quelques cheveux gris, vacille comme la feuille du tremble. Chaque nuage éloigné trompe ses débiles regards, lorsqu’ils cherchent ton navire sur les flots.</p>
      <p>Comme un rayon de soleil sur la fougère desséchée, l’espérance brille sur le front du vieillard. Quand le vénérable guerrier, s’adressant aux enfants qui jouent autour de lui, leur dit : Ne vois-je pas le vaisseau de mon fils ? les enfants regardent aussitôt la mer bleuâtre, et ils répondent au vieillard : Nous n’apercevons qu’une vapeur passagère.</p>
      <p>Crimoïna, tu souris dans le songe du matin, tu crois recevoir ton amant dans toute sa beauté ; tes lèvres l’appellent par des mots à demi formés ; tes bras s’entr’ouvrent, et s’avancent pour le presser contre ton sein : ah ! Crimoïna, ce n’est qu’un songe !</p>
      <p>Armor est tombé, il ne reverra plus sa terre natale ; il dort dans la poussière d’Inisfail.</p>
      <p>Crimoïna, tu sortiras de ton sommeil ; mais quand Armor se réveillera-t-il ? Quand le son du cor fera-t-il tressaillir le jeune chasseur ? quand le choc des boucliers l’appellera-t-il au combat ! Enfants des forêts, Armor est coûché ; n’attendez pas qu’il se lève. Fils de la lance, la bataille rugira sans Armor.</p>
      <p>Ta taille était comme celle du chêne, ô chef de Lochlin ! l’aile de l’aigle marin était moins rapide que ta course ; ton bras descendait sur les guerriers comme le tourbillon de Loda, et mortelle était ton épée comme les brouillards du Légo. »</p>
      <p>Ainsi chantait le barde. La tombe d’Armor s’élève ; les guerriers de Lochlin fuient ; leurs vaisseaux, repassant les mers, pèsent sur l’abîme : par intervalles on entendait la chanson des bardes étrangers ; leurs accents étaient tristes.</p>
      
     </div>
     <div>
<head>Chant II.</head>
      
      
      <p>L’histoire des temps qui ne sont plus est pour le barde un trait de lumière ; c’est le rayon de soleil qui court légèrement sur les bruyères, mais rayon bientôt effacé, car les pas de l’ombre le poursuivent ; ils le joignent sur la montagne : le consolant rayon a disparu. Ainsi le souvenir de Dargo brille rapidement dans mon âme, de nouveau bientôt obscurcie.</p>
      <p>Après la bataille où tomba le vaillant Armor, Morven passa la nuit dans les tours grisâtres d’Inisfail ; par intervalles une plainte lointaine frappait nos oreilles. « Bardes, dit Comhal, Ullin, et vous, Salma, cherchez l’enfant des</p>
      <p>hommes qui gémit. » Nous sortons, nous trouvons Crimoïna assise sur le tombeau d’Armor ; elle avait suivi en secret son amant aux champs d’Inisfail. Après la bataille, elle se fit un lit de douleur de la dernière couche de son héros : nous l’enlevâmes de ce lieu funeste. Nos larmes descendaient en silence : l’infortune de cette femme était grande, et nous n’avions que des soupirs. Nous transportâmes <pb n="161" xml:id="p166"/> Crimoïna dans la salle des fêtes. La tristesse, comme une obscure vapeur, se répandit sur tous les visages. Ullin saisit sa harpe ; il en tira des sons mélodieux : ses doigts erraient sur l’instrument ; une douce et religieuse mélancolie semblait s’échapper des cordes tremblantes. La musique attendrit les âmes, elle endort le chagrin dans les cœurs agités. Il chantait :</p>
      <p>« Quelle ombre se penche ainsi sur sa nue vaporeuse ? La profonde blessure est encore dans sa poitrine ; le chevreuil aérien est à ses côtés. Qui peut-elle être, cette ombre, si ce n’est celle du beau Morglan ?</p>
      <p>Morglan vint avec l’ennemi de Morven. Son amante l’accompagnait, la fille de Sora, Minona à la main blanche, à la longue chevelure. Morglan poursuivit les daims sur la colline ; Minona demeure sous le chêne. L’épais brouillard descend ; la nuit arrive avec tous ses nuages ; le torrent rugit, les ombres crient le long de ses rives profondes. Minona regarde autour d’elle : elle croit entrevoir un chevreuil à travers le brouillard, et pose sur l’arc sa main de neige. La corde est tendue, la flèche vole : ah ! que n’a-t-elle erré loin du but ! La flèche s’est enfoncée dans le jeune sein de Morglan.</p>
      <p>Nous élevâmes la tombe du héros sur la colline : nous plaçâmes la flèche et le bois d’un chevreuil dans l’étroite demeure. Là fut aussi couché le dogue de Morglan, pour poursuivre devant l’ombre du chasseur les cerfs dans les nuages. Minona voulait dormir auprès de son amant ; nous la transportâmes au palais de ses pères ; longtemps elle y parut triste. Les rapides années emportent la douleur : à présent Minona se réjouit avec les filles de Sora, bien qu’elle soupire quelquefois encore. »</p>
      <p>Ainsi chantait le barde. L’aube peignit de sa lumière d’albâtre les rochers d’Inisfail : « Ullin, dit Comhal, conduis sur ton vaisseau Crimoïna à sa patrie ; qu’au milieu de ses compagnes elle puisse encore se lever comme la lune, lorsqu’elle montre sa tête au-dessus des nuages, et qu’elle sourit aux vallées silencieuses. »</p>
      <p>– « Béni soit, dit Crimoïna, le chef de Morven, l’ami du faible dans les jours du danger ! Mais que ferait Crimoïna aux champs de ses pères, où chaque rocher, chaque arbre, chaque ruisseau réveillerait ses chagrins assoupis ? Les jeunes filles me diraient : Où est ton Armor ? Vous pourrez le dire, ô jeunes filles ! mais je ne vous entendrai pas. J’irai vivre dans une terre éloignée ; j’achèverai mes jours avec les vierges de Morven : leur cœur, comme celui de leur roi, s’ouvre aux pleurs des infortunés. »</p>
      <p>Nous emmenâmes Crimoïna avec nous dans notre patrie ; nous joignîmes sa main à celle de Dargo ; mais la fille étrangère ne souriait plus : elle confiait souvent des soupirs au cours d’une onde ignorée. Crimoïna, tes heures furent rapides : les cordes de ta harpe sont humides quand le barde soupire ton histoire.</p>
      <p>Un jour, comme nous poursuivions les daims sur les bruyères de Morven, les vaisseaux de Lochlin apparurent avec leurs voiles blanches et leurs mâts élevés. Nous crûmes qu’ils venaient réclamer Crimoïna. « Je ne combattrai pas pour elle, dit Connas, un de nos chefs, avant que je ne sache si celle étrangère aime notre race. Perçons le sanglier, teignons avec son sang la robe de Dargo ; nous porterons Dargo au palfe ( : ) Crimoïna déplorera-t-elle sa perte ? »</p>
      <pb n="162" xml:id="p167"/>
      <p>O malheur ! nous écoulons l’avis de Connas ! nous terrassons le sanglier écumant ; Connas le frappe de son épée. Nous enveloppons Dargo dans une robe ensanglantée ; nous le portons sur nos épaules à Crimoïna. Connas marchait devant nous avec la dépouille du sanglier : « J’ai lue le monstre, disait-« il ; mais auparavant sa dent mortelle a percé ton amant, ô Crimoïna ! »</p>
      <p>Crimoïna écouta ces paroles de mort : silencieuse et pâle, elle reste immobile comme les colonnes de glace que l’hiver fixe au sommet du Mora. Elle demande sa harpe ; elle la fait résonner à la louange du héros qu’elle croyait expiré. Dargo voulait se lever ; nous l’en empêchâmes jusqu’à la fin de la chanson, car la voix de Crimoïna était douce comme la voix du cygne blessé, lorsque ses compagnons nagent tristement autour de lui.</p>
      <p>« Penchez-vous, disait Crimoïna, sur le bord de vos nuages, ô vous ancêtres de Dargo ! et transportez votre fils au palais de votre repos. Et vous, filles des champs aériens de Trenmor, préparez la robe de vapeur transparente et colorée. Dargo, pourquoi m’avais-tu fait oublier Armor ? Pourquoi t’aimais-je tant ? Pourquoi étais-je tant aimée ? Nous étions deux fleurs qui croissaient ensemble dans les fentes du rocher ; nos têtes humides de rosée souriaient aux rayons du soleil. Ces fleurs avaient pris racine dans le roc aride. Les vierges de Morven disaient : Elles sont solitaires, mais elles sont charmantes. Le daim dans sa course s’élançait par-dessus ces fleurs, et le chevreuil épargnait leurs tiges délicates.</p>
      <p>Le soleil de Morven est couché pour moi. Il brilla pour moi, ce soleil, dans la nuit de mes premiers malheurs, au défaut du soleil de ma patrie ; mais il vient de disparaître à son tour ; il me laisse dans une ombre éternelle.</p>
      <p>Dargo, pourquoi t’es-tu retiré si vite ? pourquoi ce cœur brûlant s’est-il glacé ? Ta voix mélodieuse est-elle muette ? Ta main, qui naguère maniait la lance à la tête des guerriers, ne peut plus rien tenir ; tes pieds légers, qui ce malin encore devançaient ceux de tes compagnons, sont à présent immobiles comme la terre qu’ils effleuraient.</p>
      <p>Partout sur les mers, au sommet des collines, dans les profondes vallées, j’ai suivi ta course. En vain mon père espéra mon retour, en vain ma mère pleura mon absence ; leurs yeux mesurèrent souvent l’étendue des flots, souvent les rochers répétèrent leurs cris. Parents, amis, je fus sourde à votre voix ! toutes mes pensées étaient pour Dargo ; je l’aimais de toute la force de mes souvenirs pour Armor. Dargo, l’autre nuit j’ai goûté le sommeil à tes côtés sur la bruyère. N’est-il pas de place celte nuit dans ta nouvelle couche ? Ta Crimoïna veut reposer auprès de toi, dormir pour toujours à tes côtés. »</p>
      <p>Le chant de Crimoïna allait en s’affaiblissant à mesure qu’il approchait de sa fin ; par degrés s’éteignait la voix de l’étrangère : l’instrument échappa aux bras d’albâtre de la fille de Lochlin. Dargo se lève : il était trop tard ! l’âme de Crimoïna avait fui sur les sons de la harpe. Dargo creusa la tombe de son épouse auprès de celle d’Évella, et prépara pour lui-même la pierre du sommeil.</p>
      <p>Dix étés ont brûlé la plaine, dix hivers ont dépouillé les bois ; durant ces longues années, l’enfant du malheur, Dargo, a vécu dans la caverne ; il n’aime que les accents de la tristesse. Souvent je chante au chef infortuné des airs mélancoliques <pb n="163" xml:id="p168"/> dans le calme du midi, lorsque Crimoïna se penche sur le bord de sa nue pour écouter les soupirs du barde.</p>
      
     </div>
    </div>
    <div>
<head>Duthona. Poème.</head>
     
     
     <p>« Pourquoi, ô mers ! élevez-vous votre voix parmi les rochers de Morven ? Vent du midi, pourquoi épuises-tu ta rage sur mes collines ? Est-ce pour retenir ma voile loin des rivages de l’ennemi, pour arrêter le cours de ma gloire ? Mais, ô mers ! vos flots mugissent en vain ; vent du midi, tu peux souffler, mais tu n’empêcheras point les vaisseaux de Fingal de voler à la contrée lointaine de Dorla : ta fureur se calmera, et la surface azurée de l’Océan deviendra tranquille et brillante. Oui, le bruit de la tempête cessera, mais la mémoire de Fingal ne périra point. »</p>
     <p>Ainsi parla le roi, et ses guerriers se rangèrent autour de lui. Le vent siffle dans les cheveux touffus de Dumolach ; Leth se penche sur son bouclier d’airain, tout ridé de mille cicatrices ; Molo agite dans les airs sa lance étincelante ; la joie de la bataille est dans les yeux de Gormalon.</p>
     <p>Nous cinglons à travers l’écume houleuse de l’Océan : les baleines effrayées plongent au fond de l’abîme, les îles fuient ; elles s’abaissent tour à tour derrière nous sous l’onde, et Duthona sort peu à peu devant nous du sein des flots. Les vagues roulantes et élevées nous en dérobent de temps en temps la vue. « C’est « la terre de Connar, dit Fingal, le pays de l’ami de mon peuple. »</p>
     <p>La nuit descend, le ciel est ténébreux, le pilote cherche en vain de ses regards l’étoile qui nous guide ; il l’entrevoit quelquefois à travers le voile déchiré d’un nuage : mais l’ouverture se referme, et le flambeau de notre route se cache. « Les pas de la nuit sur l’abîme, dit Fingal, sont menaçants ; que notre vais-« seau se repose au rivage jusqu’au retour de la lumière. »</p>
     <p>Nous entrons dans la baie de Duthona. Quelle ombre terrible se tient sur le rocher, en s’appuyant sur un pin ? Son bouclier est un nuage ; derrière ce bouclier passe la lune errante. L’ombre a pour lance une colonne de brouillard d’un bleu sombre, surmonté d’une étoile sanglante ; un météore lui sert d’épée ; les vents, dans leurs jeux, élèvent la chevelure du fantôme comme une fumée ; deux flammes qui sortent de deux cavernes creusées dans les nuages sont les yeux menaçants de cet enfant de la nuit. Souvent Fingal a vu se manifester ainsi le signe de la bataille ; mais qui pourrait y croire dans la patrie de Connar, ami du peuple de Fingal ?</p>
     <p>Le roi monte sur le rocher, le glaive de Luno jette dans sa main des ondes de lumière ; Carrill marche derrière le roi. Le fantôme aperçoit Fingal, et sur l’aile d’un tourbillon s’envole ; le héros le poursuit du geste et de la voix. Cette voix est entendue sur les collines de Duthona, qui s’agitent avec tous leurs rochers et <pb n="164" xml:id="p169"/> tous leurs arbres ; le peuple tressaille, se réveille en rêvant le péril, et les feux d’alarme sont allumés de toute part.</p>
     <p>« Levez-vous, dit le roi revenant parmi ses guerriers ; levez-vous : que chacun endosse son armure et place devant lui son bouclier. Il nous faut combattre. Nos amis nous vont attaquer au milieu de la nuit ; Fingal ne leur dira pas son nom, car nos ennemis s’écrieraient ensuite : Les guerriers de Morven furent effrayés ! ils dirent leur nom pour éviter le combat ! que chacun endosse son armure et place devant lui son bouclier ; mais que nos lances errent loin du but, que nos flèches soient emportées par les vents. À la lumière du matin, nos amis nous reconnaîtront, et la joie sera grande dans Duthona.</p>
     <p>Nous rencontrâmes la colonne mouvante et sombre des guerriers de Duthona. Comme la grêle échappée des flancs de l’orage, leurs flèches tombent sur nos boucliers ; ils nous environnent comme un rocher entouré par les flots. Fingal vit que son peuple allait périr, ou qu’il serait forcé de combattre : il descendit de la colline, ainsi qu’une ombre qui se plaît à rouler avec les tempêtes. La lune, dans ce moment, leva sa tête au-dessus de la montagne, et réfléchit sa lumière sur l’épée de Luno ; l’épée étincelle dans la main du roi, comme un pilier de glace pendant l’hiver, à la chute devenue muette du Lora. Duthona, vit la flamme, et n’en put supporter la splendeur ; ses guerriers se retirèrent comme les ténèbres devant le jour ; ils s’enfoncèrent dans un bois.</p>
     <p>Avançant à leur suite, nous nous arrêtâmes au bord d’un profond ruisseau qui coulait devant nous à travers la bruyère. Son lit se creusait entre deux rivages semés de fougères et ombragés de quelques bouleaux vieillis. Là, nous nous entretînmes du récit des combats et des actions des premiers héros. Carrill redit les faits du temps passé, Ossian célébra la gloire de Connar : sa harpe ne put oublier la tendre beauté de Minla.</p>
     <p>Les chants cessèrent, une brise murmura le long du ruisseau ; elle nous apporta les soupirs de l’infortune : ils étaient doux comme la voix des ombres au milieu d’un bois solitaire, quand elles passent sur la tombe des morts.</p>
     <p>« Allez, Ossian, dit le roi ; quelque guerrier languit sur son bouclier ; qu’il soit apporté à Fingal : s’il est blessé, qu’on applique les herbes de la montagne sur sa plaie. Aucun nuage ne doit obscurcir notre joie dans la terre de Duthona. »</p>
     <p>Je marchai guidé par la chanson-du malheur.</p>
     <p>« Triste et abandonnée est ma demeure, disait la chanson ; aucune voix ne s’y fait entendre, si ce n’est celle de la chouette. Nul barde ne charme la longueur de mes nuits ; les ténèbres et la lumière sont égales pour moi. Le soleil ne luit point dans ma caverne ; je ne vois point flotter la chevelure dorée du matin, ni couler les flots de pourpre que verse l’astre du jour à son couchant. Mes yeux ne suivent point la lune à travers les pâles nuages ; je ne vois point ses rayons trembler à travers les arbres dans les ondes du ruisseau : ils ne visitent point la caverne de Connar.</p>
     <p>Ah ! que ne suis-je tombé dans la tempête de Dorla ! ma renommée ne serait pas évanouie comme le silencieux rayon de l’automne qui court sur les champs <pb n="165" xml:id="p170"/> jaunis entre les ombres et les brouillards. Les enfants sons le chêne ont senti un moment la chaleur du rayon, et l’ont bénie ; mais il passe : les enfants poursuivent leurs jeux, et le rayon est oublié.</p>
     <p>Oubliez-moi aussi, enfants de mon peuple, si vous n’êtes pas tombés comme moi, si Dorla qui a envahi Duthona n’a point soufflé sur vous dans votre jeunesse, comme l’haleine d’une gelée tardive sur les bourgeons du printemps. Que n’ai-je autrefois trouvé la mort à vos yeux, quand je marchai avec Fingal au-devant des forces de Swaran ! Le roi eût élevé ma tombe, Ossian eût chanté ma gloire ; les bardes des futures années, en s’asseyant autour du foyer, eussent dit à l’ouverture de la fête : Écoutez la chanson de Connar.</p>
     <p>A présent, enchaîné dans cette caverne, je mourrai tout entier : ma tombe ne sera point connue ; le voyageur écartera sous ses pas, avec la pointe de sa lance, une herbe longue et flétrie ; il découvrira une pierre poudreuse : Qui dort dans cette étroite demeure ? demandera-t-il à l’enfant de la vallée ; et l’enfant de la vallée lui répondra : Son nom n’est point dans la chanson. » – « Ton nom sera dans la chanson, m’écriai-je ; tu ne seras point oublié par Ossian. Sors de la caverne où t’a caché la destinée, et viens lever encore la lance dans la bataille. Viens, Fingal sera auprès de toi ; il te vengéra. Viens, les oppresseurs de Duthona sécheront à ton aspect comme la fougère atteinte par la brise : ton nom refleurira comme le chêne qui ombrage les salles de tes fêtes, quand, après les rigueurs de l’hiver, il se rajeunit au printemps. »</p>
     <p>Connar prit la voix d’Ossian pour celle d’une ombre : « Ta voix m’est agréable, enfant de la nuit, dit-il, car les fantômes n’effraient point mon âme ; ta voix est douce à Connar abandonné. Converse avec moi dans la caverne ; notre entretien sera de la tombe et de la demeure aérienne des héros. Nous ne parlerons point de Duthona ; nous serons silencieux sur ma gloire, elle s’est évanouie. Mes amis aussi sont loin : ils dorment sur leurs boucliers ; mon souvenir ne trouble point leur repos ! Ah ! qu’ils continuent de sommeiller en paix !</p>
     <p>Ombré amie, ma demeure sera bientôt avec la tienne. Nous visiterons ensemble les enfants du malheur dans leur caverne ; nous leur ferons oublier leurs chagrins dans les illusions des songes : nous les conduirons en pensée dans les champs de leur renommée : ils croiront briller dans les combats ; leur tunique d’esclave s’allongera en robe ondoyante ; leurs prisons souterraines deviendront les nobles salles de Fingal ; le murmure du vent sera pour eux et pour nous la mélodie des harpes, le frissonnement des gazons deviendra le soupir des vierges. Ombre amie, en attendant que je m’unisse à toi dans les nuages, descends souvent à la caverne de Connar ! Fantôme de la nuit, a ta voix est charmante à mon cœur. »</p>
     <p>Je me plonge dans la caverne de Connar ; je coupe les liens dont les guerriers de Dorla avaient entouré les mains du chef ; je conduis le roi délivré à Fingal ; leurs visages brillèrent de joie au milieu de leurs cheveux gris, car Fingal et Connar se souviennent de leurs jeunes années, de ces premiers jours de <pb n="166" xml:id="p171"/> la vie où ils tendaient ensemble leurs arcs au bord du torrent. « Connar, dit Fingal, qui a pu confiner l’ami de Morven dans la caverne ? Puissant devait être son bras, inévitable, son épée.</p>
     <p>– « Dorla, répondit Connar, apprit que la force de mon bras s’était évanouie dans la vieillesse. Il attaqua mes salles pendant la nuit, lorsque j’étais seul avec ma fille Niala, et que mes guerriers étaient absents. Je combattis : le nombre prévalut. Dorla est resté dans Duthona, et mes peuples sont dispersés dans leurs vallons ignorés. »</p>
     <p>Fingal entendit les paroles de Connar : il fronce le sourcil : les rides de son front sont comme les nuages qui couvent la tempête. Il agite dans sa main sa lance mortelle, et regarde l’épée de Luno.</p>
     <p>« Il n’est pas temps de reposer, s’écrie-t-il, quand celui qui dépouilla mon ami est si près. Les guerriers de Dorla sont nombreux ; ils nous ont attaqués cette nuit, et nous avons cru, en les respectant, que c’étaient les bataillons de Connar. Ossian et Gormalon, avancez le long du rivage. Dumolach et Leth, volez aux salles de Connar ; et si vous y trouvez Niala, étendez devant elle vos boucliers protecteurs. Molo, observe l’ennemi, afin qu’il ne puisse livrer ses voiles au vent sans combattre. Et toi, Carrill, où es-tu ? Barde aux douces chansons, reste auprès du chef de Duthona avec ta harpe : mélodie est un rayon de lumière qui se glisse au milieu de l’orage.</p>
     <p>Carrill vint avec sa harpe : les sons de cette harpe étaient légers comme le mouvement des ombres glissant dans un air pur sur les rivages de Lara. Coulez en silence, ruisseaux de la nuit, que nous entendions la chanson du barde.</p>
     <p>« Au bord des torrents de Lara se penche un chêne qui laisse tomber de ses feuilles, sur le courant d’eau, les pleurs de la rosée. Là, on voit errer deux ombres, lorsque le soleil illumine la plaine et que le silence est dans Morven : l’une est ton ombre, vénérable Uval ; l’autre est celle de ta fille, la belle chasseresse. Les jeunes guerriers de Lara poursuivaient les chevreuils ; ils célébraient la fêle dans la cabane lointaine du désert. Colgar les  découvrit, et parut subitement à Lara comme le torrent qui fond du haut d’une montagne, quand l’ondée est encore sur les hauts sommets, et n’a point descendu dans la vallée. – Fille d’Uval, dit Colgar, il te faut me suivre ; j’enchaînerai ici ton père, car il frapperait sur le bouclier, et les jeunes guerriers pourraient entendre le son dans la solitude. »</p>
     <p>– « Colgar, je ne t’aime pas, dit la fille d’Uval ; laisse-moi avec mon père : ses yeux sont tristes, ses cheveux, blanchis. »</p>
     <p>Colgar est sourd à la prière ; la fille d’Uval est obligée de le suivre, mais Ses pas sont tardifs. Un chevreuil bondit auprès de Colgar ; ses flancs bruns se montrent à travers les vertes bruyères. – Colgar, dit la fille d’Uval, prête-moi ton arc, j’ai appris à percer le chevreuil. Colgar crut la beauté déjà consolée, et, plein d’amour, il donne son arc. La fille d’Uval tend la corde, la flèche part, Colgar tombe. La fille d’Uval retourne à Lara : l’âme de son père fut réjouie. Le soir de la vie d’Uval se prolongea ; il fut comme le coucher du soleil sur la montagne des sources limpides ; les derniers jours d’Uval <pb n="167" xml:id="p172"/> tombèrent comme les feuilles d’automne dans la vallée silencieuse. Les années de la fille d’Uval furent nombreuses ; quand elle s’éteignit, elle dormit en paix avec son père. »</p>
     <p>Ainsi chantait Carrill ; et moi Ossian je m’avançais avec Gormalon sur le rivage, selon les ordres de Fingal. Au pied d’un rocher nous trouvons un jeune homme : son bras, sortant d’une brillante armure, reposait sur une harpe brisée ; le bois d’une lance était à ses côtés. À travers les herbes chevelues du rocher, la lune éclairait la tête du jeune homme : cette tête était penchée ; elle s’agitait lentement dans la douleur, comme la cime d’un pin qui se balance aux soupirs du vent.</p>
     <p>« Quel est celui, dit Gormalon, qui demeure ici solitaire ? Es-tu un des compagnons de Dorla, ou l’un des guerriers de Connar ? »</p>
     <p>– « Je suis, » répondit le jeune homme tremblant comme l’herbe dans le courant d’un ruisseau, « je suis un des bardes qui chantaient dans les salles de Connar. Dorla écouta mes chansons, et épargna ma vie après avoir livré bataille sur les champs de Duthona. »</p>
     <p>– « Souviens-toi de Dorla, si tu le veux, répliqua Gormalon ; mais que peux-tu dire à sa louange ? Il attaqua Connar lorsque les amis du roi étaient absents ; son bras est faible dans le danger, fort quand personne ne le repousse. Dorla est un nuage qui se montre seulement dans le calme, un brouillard qui ne se lève jamais du marais que quand les vents de la vallée se sont retirés. Mais la tempête de Fingal joindra ce nuage ; et le déchirera dans les airs. »</p>
     <p>– Je me souviens de Fingal, dit le jeune homme ; je le vis jadis dans les « salles de Duthona ; je me souviens de la voix d’Ossian et des fiers héros de</p>
     <p>Morven ; mais Morven est loin de Duthona. »</p>
     <p>Les soupirs étouffèrent la voix du jeune homme ; ses sanglots éclatèrent comme la glace qui se fend sur le lac du Légo, ou comme les vents de la montagne dans la grotte d’Arven.</p>
     <p>« Faible est ton âme, dit Gormalon indigné : non, tu n’es pas l’enfant des salles de Connar ; tu n’es pas des bardes de la race du roi. Ceux-ci chantaient les actions de la bataille ; la joie du danger enflait leurs âmes, de même que s’enflent les voiles blanches de Fingal dans les tourbillons de la mer de Morven. Tu es des amis de Dorla ; va donc le rejoindre, enfant du faible, et dis-lui que Morven le poursuit : jamais il ne reverra les collines de sa patrie. »</p>
     <p>– « Gormalon, dis-je alors, n’outrage pas la jeunesse : l’âme du braye peut quelquefois faillir, mais elle se relève. Le soleil sourit du haut de sa carrière lorsque la tempête est passée ; le pin cesse alors de secouer dans les airs sa pyramide de verdure, la mer calme sa surface azurée, et les vallées se ré-« jouissent aux rayons de l’astre éclatant. »</p>
     <p>Je pris le jeune homme par la main, et le conduisis vers Carrill, roi des chansons. La lumière commençait alors à briller sur l’armée de Dorla ; ses guerriers pâles et muets regardaient la lance dé Morven et l’épée de Connar ; ils demeuraient immobiles ; lorsque le chasseur est surpris par la nuit sur la colline <pb n="168" xml:id="p173"/> de Cromla, la terreur des fantômes l’environne ; une sueur froide perce son front, ses pas tremblants se refusent à sa fuite, ses genoux fléchissent au milieu de sa course.</p>
     <p>Dorla vit les yeux égarés de son peuple ; une grosse larme roule dans les siens. « Pourquoi, dit-il à ses guerriers, demeurez-vous dans ce silence, comme les arbres qui s’élèvent autour de nous ? Votre nombre ne surpasse-t-il pas celui des fils de Morven ? Ils peuvent avoir leur renommée ; mais n’avons-nous pas aussi combattu avec les héros ? Si vous songez à la fuite, où est le chemin de nos vaisseaux, si ce n’est à travers l’ennemi ! Fondons sur eux dans noire colère ; que nos bras soient courageux, et la joie de mes amis sera grande quand nous retournerons chez nos pères. » Connar, au milieu des héros de Morven, frappa sur le bouclier de Duthona. Ses guerriers dispersés entendirent le signal du roi ; ils levèrent la tête dans leurs vallons ignorés, comme les ruisseaux de Selma : dans les jours de sécheresse, ces ruisseaux se cachent sous les cailloux de leur lit ; mais, quand les tièdes ondées descendent, ils sortent tout à coup de leur retraite, rugissent, inondent et surmontent de leurs eaux les collines.</p>
     <p>On combat : Dorla est abattu par la lance de Connar. Fingal le vit tomber ; il s’avance alors dans sa clémence, et parle aux guerriers de Dorla, qui n’est plus. « Fingal, leur dit-il, ne se plait point dans la chute de ses ennemis, quoiqu’ils l’aient forcé de tirer l’épée. Ne venez jamais à Morven, ne vous présentez plus aux rivages de Duthona. Rapide est le jour du peuple qui ose lever la lance contre Fingal ; une colonne de fumée chassée par la tempête est la vie de ceux qui combattent contre les héros de Morven. Retirez-vous : emportez le corps de Dorla.</p>
     <p>Pourquoi es-tu si matinale, épouse de Dorla ? continua Fingal. Que fais-tu, immobile sur le rocher ? Tes cheveux sont trempés de la rosée du malin ; tes regards sont errants sur les vagues lointaines : ce que tu vois n’est pas l’écume du vaisseau de Dorla, c’est la mer qui se brise autour du flanc des baleines. Les deux enfants de l’épouse de Dorla sont assis sur les genoux de leur mère ; ils voient une larme descendre le long de la joue de la femme ; ils lèvent leur petite main pour saisir la perle brillante : Mère, diront-ils, pourquoi pleures-tu ? Où notre père a-t-il dormi cette nuit ?</p>
     <p>Ainsi peut-être, ô Ossian ! ton Éveralline est maintenant inquiète pour toi. Elle conduit peut-être ton Oscar au sommet de Morven, afin de découvrir la pleine mer. Ossian, souviens-toi d’Oscar et d’Éveralline ; ô mon fils ! épargne le guerrier qui, comme Dorla, peut laisser derrière lui une épouse dans les larmes. Hélas ! Dorla, pourquoi es-tu déjà tombé ? »</p>
     <p>Ainsi me parlait Fingal, aux jours du passé, dans la terre de Duthona ; ainsi, pour m’enseigner la pitié, il mettait devant mes yeux l’image d’Éveralline mon épouse, d’Oscar mon jeune fils. Éveralline ! Oscar ! rayons de joie maintenant éteints ! comment m’avez-vous précédé dans l’étroite demeure ! Comment Ossian peut-il faire retentir la harpe et chanter encore les guerriers, lorsque votre souvenir, comme l’étoile qui tombe du ciel, traverse tout à coup son âme ? Oh ! que ne suis-je le compagnon de votre course azurée, brillants voyageurs des nuages  ? <pb n="169" xml:id="p174"/> Quand nos ombres se rejoindront-elles dans les airs ! quand glisseront-elles avec les brises sur la cime ondoyante des pins ! Quand élèverons-nous nos têtes ornées d’une chevelure brillante, comme les astres de la nuit dans le désert ? Puisse ce moment bientôt arriver ! Ce qu’est le lit de bruyère au chasseur fatigué sera la tombe au barde appesanti par les ans : je dormirai ! la pierre de ma dernière couche gardera ma mémoire.</p>
     <p>Mais, ô pierre du tombeau ! la saison de ta vieillesse arrivera aussi ; tu t’enfonceras toi-même dans le lieu où les guerriers reposent pour jamais. L’étranger demandera où était ta place ; les fils du faible ne la connaîtront point.</p>
     <p>Peut-être la chanson aura gardé le souvenir de cette pierre. La chanson se perdra à son tour dans la nuit des temps ; le brouillard des années enveloppera sa lumière. Notre mémoire passera comme l’histoire de Duthona, qui déjà s’éclipse dans l’âme d’Ossian.</p>
     <p>Le peuple de Dorla fend la mer en silence ; les sons d’aucune chanson ne roulent devant lui sut les flots ; les bardes penchent la tête sur leur harpe, et leurs cheveux argentés errent avec leurs armes le long des cordes humides. Les marins sont enfoncés dans leurs sombres pensées ; le rameur distrait suspend soudain la rame qu’il allait plonger dans les flots.</p>
     <p>Nous montâmes au palais de Connar : mais le chef est triste malgré sa victoire ; son sein oppressé soulève son armure comme la vague qui renferme la tempête ; son œil éteint ne lance plus son regard brillant à travers la salle des fêtes. Personne n’ose demander au héros pourquoi il est triste, car absente est l’étoile de la nuit, la fille de Connar, la charmante Niala. Fingal voyait la douleur du chef, et cachait la sienne sous le panache de son casque. « Carrill, dit-il à voix basse, qu’as-tu fait de tes chants ? viens avec ta harpe soulager l’âme du roi. »</p>
     <p>Carrill s’avance au milieu des salles de la fête, appuyé d’une main sur son bâton blanc, de l’autre portant sa harpe ; derrière lui marche le jeune barde de Duthona, qu’Ossian et Gormalon avaient trouvé sur le rivage pendant la nuit. Tout à coup son armure tombe à terre ; il lève une main pour cacher son trouble. Quelle est cette main si blanche ? Ce visage sourit si gracieusement à travers les boucles de ses beaux cheveux ! « Niala ! s’écria Connar, est-ce toi ? » Elle jette ses bras charmants autour de son père ; la joie revient au banquet des guerriers. Connar donna la beauté à Gormalon, et nous déployâmes nos voiles et nos chants pour Morven. Ossian est seul aujourd’hui dans les ruines des tours de Fingal, et l’épouse de mon Oscar, Malvina, la douce Malvina, ne sourira plus à son père.</p>
     <p>Vallée de Cona, les sons de la harpe ne se font plus entendre le long de tes ruisseaux, dont la voix s’élève à peine sur les collines silencieuses. La biche dort sans frayeur dans la hutte abandonnée du chasseur ; le faon bondit sur la tombe guerrière, dont il creuse la mousse avec ses pieds. Je suis resté seul de ma race : je n’ai plus qu’un jour à passer dans un monde qui ne me connaît plus.</p>
     
    </div>
    <div>
<head>Gaul. Poème.</head>
     <pb n="170" xml:id="p175"/>
     
     
     <p>Le silence de la nuit est auguste. Le chasseur repose sur la bruyère : à ses côtés sommeille son chien fidèle, la tête allongée sur ses pieds légers ; dans ses rêves, il poursuit les chevreuils ; dans la joie confuse de ses songes, il aboie et s’éveille à moitié.</p>
     <p>Dors en paix, fils bondissant de la montagne, Ossian ne troublera point ton repos : il aime à errer seul ; l’obscurité de la nuit convient à la tristesse de son âme ; l’aurore ne peut apporter la lumière à ses yeux depuis longtemps fermés. Retire tes rayons, ô soleil ! comme le roi de Morven a retiré les siens ; éteins ces millions de lampes que tu allumes dans les salles azurées de ton palais lorsque tu reposes derrière les portes de l’occident. Ces lampes se consumeront d’elles-mêmes : elles te laisseront seul, ô soleil ! de même que les amis d’Ossian l’ont abandonné. Roi des cieux, pourquoi cette illumination magnifique sur les collines de Fingal, lorsque les héros ont disparu, et qu’il n’est plus d’yeux pour contempler ces flambeaux éblouissants ?</p>
     <p>Morven, le jour de ta gloire a passé ; comme la lueur du chêne embrasé de tes fêtes, l’éclat de les guerriers s’est évanoui : les palais ont croulé ; Témora a perdu ses hauts murs ; Tura n’est plus qu’un monceau de ruines, et Selma est muette. La coupe bruyante des festins est brisée ; le chant des bardes a cessé ; le son des harpes ne se fait plus entendre. Un tertre couvert de ronces, quelques pierres cachées sous la mousse, c’est tout ce qui rappelle la demeure de Fingal. Le marin du milieu des flots n’aperçoit plus les tours qui semblaient marquer les bornes de l’Océan, et le voyageur qui vient du désert ne les aperçoit plus.</p>
     <p>Je cherche les murailles de Selma ; mes pas heurtent leurs débris : l’herbe croît entre les pierres, et la brise frémit dans la tête du chardon. La chouette voltige autour de mes cheveux blancs ; je sens le vent de ses ailes : elle éveille par ses cris la biche sur son lit de fougère : mais la biche est sans frayeur, elle a reconnu le vieil Ossian.</p>
     <p>Biche des ruines de Selma, ta mort n’est point dans la pensée du barde : tu te lèves de la même couche où dormirent Fingal et Oscar ? Non, ta mort n’est point le désir du barde ! J’étends seulement la main dans l’obscurité vers le lieu où était suspendu au dôme du palais le bouclier de mon père, vers ces voûtes que remplace aujourd’hui la voûte du ciel. La lance qui sert d’appui à mes pas rencontre à terre ce bouclier ; il retentit : ce bruit de l’airain plaît encore à mon oreille ; il réveille en moi la mémoire des anciens jours, ainsi que le souffle du soir ranime dans la ramée des bergers la flamme expirante. Je sens revivre mon génie ; mon sein se soulève comme la vague battue de la tempête, mais le poids des ans le fait retomber.</p>
     <p>Retirez-vous, pensées guerrières ! souvenirs des temps évanouis, retirez-vous ! Pourquoi nourrirais-je encore l’amour des combats, quand ma main a oublié <pb n="171" xml:id="p176"/> l’épée ? La lance de Témora n’est plus qu’un bâton dans la main du vieillard.</p>
     <p>Je frappe un autre bouclier dans la poussière. Touchons-le de mes doigts tremblants. Il ressemble au croissant de la lune : c’était ton bouclier, ô Gaul ! le bouclier du compagnon de mon Oscar. Fils de Morni, tu as déjà reçu toute ta gloire, mais je te veux chanter encore : je veux pour la dernière fois confier le nom de Gaul à la harpe de Selma. Malvina, où es-tu ? Oh ! qu’avec joie tu m’entendrais parler de l’ami de ton Oscar !</p>
     <p>« La nuit était sombre et orageuse, les ombres criaient sur la bruyère, les torrents se précipitaient du rocher ; les tonnerres à travers les nuages roulaient comme des monts qui s’écroulent, et l’éclair traversait rapidement les airs. Cette nuit même nos héros s’assemblèrent dans les salles de Selma, dans ces salles maintenant abattues : le chêne flamboyait au milieu ; à sa lueur on voyait briller le visage riant des guerriers à demi cachés dans leur noire chevelure. La coquille des fêles circulait à la ronde ; les bardes chantaient, et la main des vierges glissait sur les cordes de la harpe.</p>
     <p>« La nuit s’envola sur les ailes de la joie : nous croyions les étoiles à peine au milieu de leur course, et déjà le rayon du matin entr’ouvrait l’orient nébuleux. Fingal frappa sur son bouclier : ah ! qu’il rendait alors un son différent de celui qu’il a parmi ces débris ! Les guerriers l’entendirent ; ils descendirent du bord de tous leurs ruisseaux. Gaul reconnut aussi la voix de la guerre ; mais le Strumon roulait ses flots entre lui et nous : et qui pouvait traverser ses ondes terribles ?</p>
     <p>« Nos vaisseaux abordent à Ifrona ; nous combattons, nous arrachons des mains de l’ennemi les dépouilles de notre patrie. Pourquoi ne restais-tu pas au bord de ton torrent, toi qui levais le bouclier d’azur ? Pourquoi, fils de Morni, ton âme respirait-elle les combats ? Sur quelque champ que ce fût, Gaul voulait moissonner. Il prépare son vaisseau dompteur des vagues, et déploie ses voiles au premier souffle du malin, pour suivre à Ifrona les pas du roi.</p>
     <p>« Quelle est celle que j’aperçois au bord de la mer, sur le rocher battu des flots ? Elle est triste comme le pâle brouillard de l’aube ; ses cheveux noirs flottent en désordre ; des larmes roulent dans ses yeux, fixés sur le vaisseau fugitif de Gaul. De ses bras aussi blancs que l’écume de l’onde, elle presse sur son sein un jeune enfant qui lui sourit ; elle murmure à l’oreille du nouveau-né un chant de son âge, mais un soupir entrecoupe la voix maternelle, et la femme ne sait plus quelle était la chanson.</p>
     <p>« Tes pensées, Évircoma, n’étaient point pour des airs folâtres : elles volaient sur les flots avec ton amour. On n’aperçoit plus qu’à peine le vaisseau diminué : des nues abaissées étendent maintenant entre lui et le rivage leurs fumées onduleuses ; elles le cachent comme un écueil lointain sous une vapeur passagère. « Que ta course soit heureuse, dompteur des vagues écumantes ! « Quand te reverrai-je, ô mon amant ? »</p>
     <p>« Évircoma retourne aux salles de Strumon ; mais ses pas sont tardifs, son visage est triste : on dirait d’une ombre solitaire qui traverse la brume du lac. Souvent elle se retourne pour regarder le vaste Océan. « Que ta course soit heureuse, <pb n="172" xml:id="p177"/> dompteur des vagues écumantes ! Quand te reverrai-je, ô mon amant ? »</p>
     <p>La nuit surprit le fils de Morni au milieu de la mer ; la lune n’était point au ciel ; pas une étoile ne brillait dans la profondeur des nuages. La barque du chef glissait sur les flots en silence, et nous passons sans la voir, en retournant à Morven.</p>
     <p>Gaul aborde au rivage d’Ifrona. Ses pas étaient sans inquiétude : il erre çà et là ; il écoute ; il n’entend point rugir la bataille : il frappe avec sa lance sur son bouclier, afin que ses amis se réjouissent de son arrivée : il s’étonne du silence.</p>
     <p>« Fingal dort-il ? s’écrie Gaul en élevant la voix ; le combat n’est-il pas commencé ? Héros de Morven, êtes-vous ici ? »</p>
     <p>Que n’y étions-nous, fils de Morni ! cette lance l’aurait défendu, ou Ossian serait tombé avec toi. Lance aujourd’hui sans force dans ma main, innocent appui de ma vieillesse, jadis ferme soutien de ceux qui versaient des larmes, tu étais la lance de Témora, tu étais le météore briseur du chêne orgueilleux. Ossian n’était pas comme aujourd’hui un roseau desséché qui tremble dans un étang solitaire ; je m’élevais comme le pin, avec tous mes rameaux verdoyants autour de moi. Que n’étais-je auprès du chef de Strumon, quand l’orage d’Ifrona descendit !</p>
     <p>Ombres de Morven, dormiez-vous dans vos grottes aériennes ou vous amusiez-vous à faire voler les feuilles flétries, quand vous nous laissâtes ignorer le danger de Gaul ? Mais non ; ombres amies de nos pères, vous prîtes soin de nous avertir ; deux fois vous repoussâtes nos vaisseaux au rivage d’Ifrona : nous ne comprîmes pas ce présage, nous crûmes que des Esprits jaloux s’opposaient à notre retour. Fingal tira son épée, et sépara les pans de leur robe de vapeur ; à l’instant les ombres passèrent sur nos têtes. « Allez, impuissants fantômes, leur dit le chef, allez chasser le duvet du chardon dans une terre lointaine ; vous jouerez avec les fils du faible. »</p>
     <p>Les ombres amies méconnues s’envolèrent avec le vent : leurs voix ressemblaient aux soupirs de la montagne quand l’oiseau de mer prédit la tempête. Quelques-uns de nos guerriers crurent entendre le nom de Gaul à demi formé dans le murmure des ombres…</p>
     <p>
      <hi rend="i">(Le traducteur, ou plutôt l’auteur anglais, suppose qu’il y a ici une lacune dans le texte.)</hi>
     </p>
     <p>« Je suis seul au milieu de mille guerriers : n’est-il point quelque épée pour briller avec la mienne ? Le vent souffle vers Morven en brisant le sommet des vagues. Gaul remontera-t-il sur son aisseau ? ses amis ne sont point auprès de lui. Mais que dirait Fingal, mais que diraient les bardes, si un nuage enveloppait la réputation du fils de Morni ? Mon père, ne rougirais-tu pas, si je me retirais sans combattre ? En présence des héros de notre âge, tu cacherais ton visage avec tes cheveux blancs, et tu abandonnerais tes soupirs au vent solitaire de la vallée ; les ombres des faibles te verraient, et diraient Voilà le père de celui qui a fui dans Ifrona.</p>
     <p>Non, ton fils ne fuira point, ô Morni ! son âme est un rayon de feu qui dévore. O mon Évircoma ! ô mon Ogal !… Eloignons ces souvenirs : le calme rayon <pb n="173" xml:id="p178"/> du jour ne se mêle point à la tempête ; il attend que les cieux soient rassérénés. Gaul ne doit respirer que la bataille. Ossian, que n’es-tu avec moi comme dans le combat de Lathmor ! Je suis le torrent qui précipite ses ondes dans les mille vagues de l’Océan, et qui, vainqueur, s’ouvre un passage à travers l’abîme. »</p>
     <p>Gaul frappe sur son bouclier, alors non rongé par la rouille des âges.</p>
     <p>Ifrona tremble ; ses nombreux guerriers entourent le héros de Strumon : la lance de Morni est dans la main de Gaul ; elle fait reculer les rangs ennemis.</p>
     <p>Tu as vu, Malvina, la mer troublée par les bonds d’une immense baleine, qui, blessée et furieuse, se débat à la surface écumante des flots ; tu as vu une troupe de mouettes affamées nager autour de la terrible fille de l’Océan, dont elles n’osent encore approcher, bien qu’elle soit expirante : ainsi s’agitent et se serrent les guerriers épouvantés d’Ifrona, hors de la portée du bras du héros.</p>
     <p>Mais la force du chef de Strumon commence à s’épuiser ; il s’appuie contre un arbre ; des ruisseaux de sang errent sur son bouclier ; cent flèches ont déchiré sa poitrine ; sa main tient sa redoutable épée, et les ennemis frémissent.</p>
     <p>Enfants d’Ifrona, quelle roche essayez-vous de soulever ? est-ce pour marquer aux siècles à venir votre renommée ou votre honte ? La gloire des braves n’est pas à vous ; vous êtes barbares, et vos cœurs sont inflexibles comme le fer. À peine sept guerriers peuvent détacher la roche du haut de la colline ; elle roule avec fracas, et vient heurter les pieds affaiblis de Gaul : il tombe sur ses genoux ; mais au-dessus de son bouclier roulent encore ses yeux terribles. Les ennemis n’ont pas l’audace de se jeter sur lui ; ils le laissent languir dans la mort, comme un aigle resté seul sur un rocher quand la foudre a brisé ses ailes. Que ne savions-nous dans Selma ta destinée ! que nous auraient fait alors les chansons des vierges et le son de la harpe des bardes ! la lance de Fingal n’eût pas reposé si tranquillement contre les murs du palais ; nous n’eussions pas été surpris, dans cette nuit funeste, de voir le roi se lever à moitié du banquet, en disant : « J’ai cru que la lance d’une ombre avait touché mon bouclier ; ce n’est « qu’une brise passagère. » O Morni ! que ne vins-tu réveiller Ossian ! que ne vins-tu lui dire : « Hâte-toi de traverser la mer ! » Malheureux père, tu avais volé dans Ifrona pour pleurer sur ton fils.</p>
     <p>Le matin sourit dans la vallée de Strumon ; Évircoma sort du trouble d’un songe ; elle entend le bruit de la chasse sur les coteaux de Morven. Surprise de ne point distinguer la voix de Gaul au milieu des cris des guerriers, elle prête, le cœur palpitant, une oreille encore plus attentive : mais les rochers ne renvoient point le son d’une voix connue ; les échos de Strumon ne répètent que les plaintes d’Évircoma.</p>
     <p>Le soir attrista la vallée de Strumon : aucun vaisseau ne parut sur la mer. L’âme d’Évircoma était abattue : « Qui retient mon héros dans l’île d’Ifrona ? Quoi ! mon amour, n’es-tu point revenu avec les chefs de Morven ? Ton Évircoma sera-t-elle longtemps assise seule sur le rivage ? les larmes descendront-elles longtemps de ses yeux ? Gaul, as-tu oublié l’enfant de notre tendresse ? il demande le sourire accoutumé de son père. Ses pleurs coulent avec les miens, ses soupirs répondent à mes soupirs. Si Gaul entendait son fils balbutier <pb n="174" xml:id="p179"/> son nom, il précipiterait son retour pour protéger son Ogal. Je me souviens de mon songe ; je crains que le jour du retour ne soit passé.</p>
     <p>Il me sembla voir les fils de Morven poursuivant les chevreuils. Le chef de Strumon n’était point avec eux. Je l’aperçus à quelque distance, appuyé sur son bouclier. Un pied seulement soutenait le héros ; l’autre paraissait être formé d’une vapeur grisâtre. Cette image variait au souffle de chaque brise : je m’en approchai ; une bouffée de vent vint du désert, le fantôme s’évanouit. Les songes sont enfants de la crainte. Chef de Strumon, je te verrai encore, tu élèveras encore devant moi ta belle tête, comme le sommet de la colline religieuse de Cromla, éclairée des premiers rayons de l’aurore. Le voyageur, égaré la nuit sur la bruyère, tremble au milieu des fantômes ; mais au doux éclat du jour les esprits de ténèbres se retirent, le pèlerin rassuré reprend son bâton et poursuit sa route. »</p>
     <p>Évircoma crut voir un vaisseau sur les vagues lointaines ; elle crut voir un mât blanchi, semblable à l’arbre qui, pendant l’hiver, balance sa cime couverte d’une neige nouvellement tombée. Ses yeux humides n’aperçoivent que des objets confus, bien qu’elle essayât de tarir ses larmes. La nuit descendit ; Évircoma se confia à un léger esquif, pour trouver son amant dans les replis des ombres. Elle vole sur les vagues, mais elle ne rencontre point de vaisseau : elle avait été trompée par un nuage, ou par la barque aérienne de l’ombre d’un nautonier décédé, qui poursuivait encore les plaisirs des jours de sa vie.</p>
     <p>La nacelle d’Évircoma fuit devant la brise ; elle entre dans la baie d’Ifrona, où la mer s’étend à l’ombre d’une épaisse forêt. Errant de nuage en nuage, la lune se montrait entre les arbres de la rive. Par intervalle, les étoiles jetaient un regard à travers le voile déchiré qui couvrait le ciel, et se cachaient de nouveau sous ce voile : à leur faible lumière, Évircoma contemplait la beauté d’Ogal. Elle donne un baiser à son enfant, le laisse couché dans la nacelle, et va chercher Gaul dans les bois.</p>
     <p>Trois fois elle s’éloigne avec lenteur de son fils, trois fois elle revient en courant à lui. La colombe qui a caché ses petits dans la fente du rocher d’Oualla veut cueillir la baie mûrie qu’elle découvre dans la bruyère au-dessous d’elle ; mais le souvenir de l’épervier la trouble ; vingt fois elle revole vers ses petits pour les voir encore, et s’assurer de leur repos. L’âme d’Évircoma est partagée entre son époux et son enfant, comme la vague que brisent tour à tour et les vents et les rochers. Mais quelle est cette voix que l’on entend parmi le murmure des flots ? Vient-elle de l’arbre solitaire du rivage ?</p>
     <p>« Je péris seul. À qui la force de mon bras fut-elle utile dans la bataille ? Pourquoi Fingal, pourquoi Ossian, ignorent-ils mon destin ? Étoiles qui me voyez, annoncez-le dans Selma par votre lumière sanglante, lorsque les héros sortent de la salle des fêtes pour admirer votre beauté. Ombres qui glissez sur les rayons de la lune, si votre course se dirige à travers les bois de Morven, murmurez en passant mon histoire. Dites au roi que j’expire aussi ; dites-lui que dans Ifrona est ma froide demeure ; que depuis deux jours je languis blessé sans nourriture ; qu’au lieu de la douce eau du ruisseau, je n’ai pour éteindre ma soif que les flots amers.</p>
     <pb n="175" xml:id="p180"/>
     <p>Mais, ombres compatissantes, gardez-vous d’apprendre mon sort aux murs de Strumon ; éloignez la vérité de l’oreille d’Évircoma. Que vos tourbillons passent loin de la couche de mon amour ; ne battez point violemment des ailes en rasant les tours de mon père : Évircoma vous entendrait, et quelque pressentiment s’élèverait dans son âme. Volez loin d’elles, ombres de la nuit ; que son sommeil soit paisible ; le matin est encore éloigné. Dors avec ton enfant, ô mon amour ! Puisse mon souvenir ne point troubler ton repos ! Toutes les peines de Gaul sont légères, quand les songes d’Évircoma sont légers. » – « Et penses-tu, » s’écrie l’épouse du fils de Morni, « qu’elle puisse reposer en paix quand son guerrier est en péril ? penses-tu que les songes d’Évircoma puissent être doux lorsque son héros est absent ? Mon cœur n’est pas insensible ; je n’ai point reçu la naissance dans la terre d’Ifrona. Mais comment te pourrai-je soulager, ô Gaul ! Évircoma trouvera-t-elle quelque nourriture dans la terre de l’ennemi ? »</p>
     <p>Évircoma soutenait Gaul dans ses bras ; elle rappela l’histoire de Conglas son père.</p>
     <p>Lorsque Évircoma, jeune encore, était portée dans les bras maternels, Conglas s’embarqua une nuit avec Crisollis, doux rayon de l’amour. La tempête jeta le père, la mère et l’enfant sur un rocher : là s’élevaient seulement trois arbres qui secouaient dans les airs leur cime sans feuillage. À leurs racines rampaient quelques baies empourprées ; Conglas les arracha, et les donna à Crisollis ; il espérait saisir le lendemain le daim de la montagne : la montagne était stérile, et rien n’en animait le sommet. Le malin vint et le soir suivit, et les trois infortunés étaient encore sur le rocher. Conglas voulut tresser une nacelle avec les branches des arbres, mais il était faible, faute de nourriture.</p>
     <p>« Crisollis, dit-il, je m’endors ; quand la tempête s’apaisera, retourne avec ton enfant à Idronlo : l’heure où je pourrai marcher est éloignée. »</p>
     <p>– « Jamais les collines ne me reverront sans mon amour, répliqua Crisollis. Pourquoi ne m’as-tu pas dit que ton âme était défaillante ? nous aurions partagé les baies de la bruyère ; mais le sein de Crisollis nourrira son amant. Penche-toi sur moi : non, tu ne dormiras point ici. »</p>
     <p>Conglas reprit ses forces au sein de Crisollis ; le calme revint sur les flots ; Conglas, Crisollis et la jeune Évircoma atteignirent les rivages d’Idronlo. Souvent le père conduisit la fille au tombeau de Crisollis, en lui racontant la charmante histoire. « Évircoma, disait Conglas, aime de même ton époux, quand le jour de ta beauté sera venu. »</p>
     <p>– « Oui, je l’aime ainsi, dit à Gaul Évircoma ; presse cette nuit, pour te ranimer, ce sein gonflé du lait qui nourrit ton fils : demain nous serons heureux. dans les salles de Strumon. »</p>
     <p>– Fille la plus aimable de ta race, dit Gaul, retire-toi ; que les rayons du soleil ne te trouvent point dans Ifrona. Rentre dans ta nacelle avec Ogal. Pourquoi tomberait-il comme une fleur dont le guerrier indifférent enlève la tête avec son épée ? Laisse-moi ici. Ma force, telle que la chaleur de l’été, s’est évanouie ; je me fane comme le gazon sous la main de l’hiver, et je ne renaîtrai point au printemps. Dis aux guerriers de Morven de me transporter dans <pb n="176" xml:id="p181"/> leur vallée. Mais non, car l’éclat de ma gloire est couvert d’un nuage : qu’ils élèvent seulement ma tombe sous cet arbre. L’étranger la découvrira en passant sur la mer, et il dira : Voilà tout ce qui reste du héros. »</p>
     <p>– « Et tout ce qui reste de la fille de Strumon, répondit Évircoma ; car je reposerai auprès de mon amant. Notre lit sera encore le même ; nos ombres voleront unies sur le même nuage. Voyageurs des ondes, vous verserez la double larme, car avec son bien-aimé dormira la mère d’Ogal. »</p>
     <p>Les cris de l’enfant se firent entendre. Le cœur d’Évircoma bat à coups redoublés dans sa poitrine, et semble vouloir s’ouvrir un passage dans son étroite prison. Un soupir échappe aussi du sein de Gaul. Il a reconnu la voix de son fils : « Guerrier, dit Évircoma, laisse-moi essayer de te porter à la barque où j’ai déposé notre enfant ; ton poids sera léger pour moi. Donne-moi cette lance, elle soutiendra mes pas. »</p>
     <p>La fille de Crisollis parvint à conduire son époux dans la nacelle. Le reste de la nuit elle lutta contre les vagues. Les dernières étoiles virent ses forces s’éteindre ; elles s’évanouirent au lever de l’aurore, comme la vapeur des prairies se dissipe au lever du soleil.</p>
     <p>Cette nuit même, il m’en souvient, Ossian dormait sur la bruyère du chasseur ; Morni, le père de Gaul, parait tout à coup dans mes songes ; il s’arrête devant moi, appuyé sur son bâton tremblant : le vieillard était triste ; les rides profondes que le temps avait creusées dans ses joues étaient remplies des larmes qui descendaient de ses yeux : il regarda la mer, et, avec un profond soupir : « Est-celà, murmura-t-il faiblement, le temps du sommeil peur l’ami de Gaul ? » Une bouffée de vent agite les arbres ; le coq de bruyère se réveille sous la racine du buisson, relève précipitamment la tête qu’il tenait cachée sous son aile, et pousse un cri plaintif. Ce cri m’arrache à mes songes, j’ouvre les yeux ; je vois Morni emporté par le tourbillon. Je suis la route qu’il me trace ; je fends la mer avec mon vaisseau ; je rencontre la nacelle d’Évircoma ; elle était arrêtée au rivage d’une île déserte : sur l’un des bords de la nacelle la tête de Gaul était inclinée. Je déliai le casque du héros ; ses blonds cheveux, trempés de la sueur des combats, flottèrent sur son front pâli. Aux accents de ma douleur, il essaya de soulever ses paupières ; mais ses paupières étaient trop pesantes ; la mort vint sur le visage de Gaul comme la nuit sur la face du soleil. O Gaul ! tu ne reverras jamais le père de ton ami Oscar.</p>
     <p>Près du fils de Morni repose la beauté expirante, Évircoma ; son enfant était dans ses bras, et l’innocente créature promenait en se jouant sa faible main sur le fer de la lance de Gaul. Les paroles d’Évircoma furent courtes : elle se pencha sur la tête d’Ogal, et son dernier regard perça mon cœur. « Adieu, « mon pauvre orphelin ! Ogal, Ossian te servira de père. » Elle expire.</p>
     <p>– O mes amis ! qu’êtes-vous devenus ! Votre souvenir est plein de douceur, et pourtant il fait couler des larmes.</p>
     <p>J’aborde au pied des tours de Strumon ; le silence régnait sur le rivage ; aucune fumée ne s’élevait en colonne d’azur du faîte du palais, aucun chant ne se faisait entendre. Le vent sifflait à travers les portes ouvertes, et jonchait le seuil de feuilles séchées ; l’aigle déjà perché sur le comble des tours semblait dire  : <pb n="177" xml:id="p182"/> « Ici je bâtirai mon aire. » Le faon de la biche se cache sous les boucliers sans maîtres ; le compagnon des chasses de Gaul, le rapide Codula, croit reconnaître les pas du fils de Morni : dans sa joie il se lève d’un seul bond ; mais lorsqu’il a reconnu son erreur, il retourne se coucher sur la froide pierre, en poussant de longs hurlements.</p>
     <p>Qui racontera la douleur des héros de Morven ? Ils vinrent silencieux de leurs ondoyantes vallées ; ils s’avancèrent lentement, comme un sombre brouillard. Gaul, Évircoma et Ogal lui-même n’étaient plus. Fingal se place sous un pin ; les guerriers l’environnent. Penché sur le front de Gaul, les cheveux gris de Fingal nous dérobent ses larmes ; mais le vent les décèle, en les chassant de sa barbe argentée.</p>
     <p>« Es-tu tombé, dit-il enfin, es-tu tombé, ô le premier de mes héros ? N’entendrai-je plus ta voix dans mes fêtes, le son de ton bouclier dans mes combats ? Ton épée n’éclairera-t-elle plus les sombres replis de la bataille ? ta lance ne renversera-t-elle plus des rangs entiers de mes ennemis ? Ton noir vaisseau surmontait hardiment la tempête, tandis que tes joyeux rameurs répétaient leurs chansons entre les montagnes humides. Les enfants de Morven m’arrachaient à mes pensées en criant : Voyez le vaisseau de Gaul ! La harpe des vierges et la voix des bardes annonçaient ton arrivée, tes bannières flottaient sur la bruyère. Je reconnaissais le sifflement de la flèche et le bruit de tes pas.</p>
     <p>Force des guerriers, qu’es-tu ? Aujourd’hui tu chasses les vaillants devant toi, comme des nuages de poussière, la mort marque ton passage, comme la feuille séchée indique la course des fantômes : demain le court songe de la valeur est dissipé ; la terreur des armées s’est évanouie ; l’insecte ailé bourdonne sa victoire sur le corps du héros.</p>
     <p>Fils du faible, pourquoi désirais-tu la force du chef de Strumon, quand tu le voyais resplendissant sous ses armes ? Ne savais-tu pas que la force du guerrier s’évanouit ? Quand le chasseur regagne sa demeure, il contemple un nuage brillant que traversent les couleurs de l’arc-en-ciel ; mais les moments fuient sur leurs ailes d’aigle, le soleil ferme ses yeux de lumière, un tourbillon brouille les nues : une noire vapeur est tout ce qui reste de l’arc étincelant. O Gaul ! les ténèbres ont succédé à ta clarté ; mais ta mémoire vivra ; il ne soufflera pas un seul vent sur Morven qui ne parle de ta renommée.</p>
     <p>Bardes, élevez la tombe du père, de la mère et du fils. La pierre moussue apprendra à l’étranger le lieu de leur repos, le chêne leur prêtera son ombre. Les brises visiteront cet arbre de la mort ; sous les fraîches ondées du printemps, il se couvrira de feuilles, longtemps avant que les autres arbres aient repris leur parure, longtemps avant que la bruyère se soit ranimée à ses pieds. Les oiseaux de passage s’arrêteront sur la cime du chêne solitaire. : ils y chanteront la gloire de Gaul, tandis que les vierges des temps à venir rediront la beauté d’Évircoma, et que les mères pleureront Ogal.</p>
     <p>Mais, ô pierre ! quand tu seras réduite en poudre ; ô chêne ! quand les vers t’auront rongé ; ô torrent ! lorsque tu cesseras de couler, et que la source de la montagne ne fournira plus son onde à ta course ; lorsque vos chansons, ô <pb n="178" xml:id="p183"/> bardes ! seront oubliées ; lorsque votre mémoire et celle des héros par vous célébrés auront disparu dans le gouffre des âges ; alors, et seulement alors, la gloire de Gaul périra, L’étranger pourra demander quel était le fils de Morni, quel était le chef de Strumon, »</p>
     
    </div>
    <div>
<head>Lettre sur l’art du dessin dans les paysages.</head>
     
     
<p>A MONSIEUR ***.</p>
     <p>Londres, 1795.</p>
     
     <p>Voilà le petit paysage que vous m’avez demandé. Je vous l’ai fait attendre ; mais vous savez quels tristes soins m’appellent à d’autres études qui pourtant ne seront pas longues, s’il faut en croire les médecins <ref target="#note389">1</ref> ; je suis prêt quand et comment il plaira à Dieu. Ces mêmes études m’ont fait abandonner cette grande <hi rend="i">vue</hi> du Canada, qui me plaisait par le souvenir de mes voyages. Quelle différence de ce temps-là à celui-ci ! Lorsque mes pensées se reportent vers le passé, je sens si vivement le poids de mes peines, que je ne sais ce que je deviens. Pardonnez à cet épanchement de mon cœur. Il y a tant de charme à parler de ses souffrances quand ceux qui vous écoutent peuvent vous comprendre ! Peu de gens me comprennent ici.</p>
     <p>Le petit dessin que je vous envoie m’a fait faire quelques réflexions sur l’art du paysage : elles vous seront peut-être utiles. D’ailleurs nous sommes en hiver ; vous avez du feu : grande ressource contre les barbouilleurs de papier.</p>
     <p>Élevé dans les bois, les défauts de l’art et la sécheresse des paysages m’ont frappé presque dès mon enfance, sans que je puisse dire ce qui constituait ces défauts. Lorsque je dessinais moi-même, je sentais que je faisais mal en copiant des modèles ; j’étais plus content de moi, lorsque je suivais mes propres idées. Insensiblement cela m’engagea à rechercher les causes de cette bizarrerie ; car enfin ce que je retraçais d’après les règles valait mieux que ce que je créais d’après ma tête. Voici ce que l’examen m’apprit, et la solution la plus satisfaisante que j’aie pu me donner de mon problème.</p>
     <p>En général, les paysagistes n’aiment point assez là nature, et la connaissent peu. Je ne parle point ici des grands maîtres, dont au reste il y aurait encore beaucoup de choses à dire ; je ne parle que des maîtres ordinaires, et des amateurs comme nous. On nous apprend à forcer ou à éclaircir les ombres, à rendre un trait net, pur, et le reste ; mais on ne nous apprend point à étudier les objets mêmes qui nous flattent si agréablement dans les tableaux de la nature ; on ne nous fait point remarquer que ce qui nous charme dans ces tableaux, ce sont <pb n="179" xml:id="p184"/> les harmonies et les oppositions des vieux bois et des bocages, des rochers arides, et des prairies parées de toute la jeunesse des fleurs. Il semblerait que l’étude du paysage ne consiste que dans l’étude des coups de crayon ou de pinceau ; que tout l’art se réduit à assembler certains traits, de manière à ce qu’il en résulte des apparences d’arbres, de maisons, d’animaux et d’autres objets, Le paysagiste qui dessine ainsi ne ressemble pas mal à une femme qui fait de la dentelle, qui passe de petits bâtons les uns sur les autres, en causant et en regardant ailleurs ; il résulte de cet ouvrage des pleins et des vides qui forment un tissu plus ou moins varié : appelez cela un métier et non un art.</p>
     <p>Il faut donc que les élèves s’occupent d’abord de l’étude même de la nature : c’est au milieu des campagnes qu’ils doivent prendre leurs premières leçons. Qu’un jeune homme soit frappé de l’effet d’une cascade qui tombe de la cime d’un roc, et dont l’eau bouillonne en s’enfuyant : le mouvement, bruit, les jets de lumière, les masses d’ombres, les plantes échevelées, la neige de l’écume qui se forme au bas de la chute, les frais gazons qui bordent le cours de l’eau, tout se gravera dans la mémoire de l’élève. Ces souvenirs le suivront dans son atelier : il n’a pas encore touché le pinceau, et il brûle de reproduire ce qu’il a vu. Un croquis informe sort de dessous sa main : il se dépite ; il recommence son ouvrage et le déchire encore. Alors il s’aperçoit qu’il y a des principes qu’il ignore ; il est forcé de convenir qu’il lui faut un maître : mais un pareil élève ne demeurera pas longtemps aux principes, et il avancera à pas de géant dans une carrière où l’inspiration aura été son premier guide.</p>
     <p>Le peintre qui représente la nature humaine doit s’occuper de l’étude des passions : si l’on ne connaît le cœur de l’homme, on connaîtra mal son visage. Le paysage a sa partie morale et intellectuelle, comme le portrait ; il faut qu’il parle aussi, et qu’à travers l’exécution matérielle on éprouve ou les rêveries ou les sentiments que font naître les différents sites. Il n’est pas indifférent de peindre dans un paysage, par exemple, des chênes ou des saules : les chênes à la longue vie, <hi rend="i">durando sœcula vincit,</hi> aux écorces rudes, aux bras vigoureux, à la tête altière, <hi rend="i">immota manet,</hi> inspirent sous leurs ombres des sentiments d’une tout autre espèce que ces saules au feuillage léger, qui vivent peu, et qui ont la fraîcheur des ondes où ils puisent leur sève : <hi rend="i">umbrœ irrigui fontis amica salix.</hi>
</p>
     <p>Quelquefois le paysagiste, comme le poëte, faute d’avoir étudié la nature, voile le caractère des sites, Il place des pins au bord d’un ruisseau, et des peupliers sur la montagne ; il répand la corbeille de la Flore de nos jardins dans les prairies ; l’églantier d’une haie sauvage porte la rose de nos parterres, couronne trop pesante pour lui.</p>
     <p>L’étude de la botanique me semble utile au paysagiste, quand ce ne serait que pour apprendre le <hi rend="i">feuillé,</hi> et ne pas donner aux feuilles de tous les arbres le même limbe et la même forme. Si le peintre qui doit exprimer sur la toile les tristes passions des hommes est obligé d’en rechercher les organes à l’aide de l’anatomie, plus heureux que lui, le peintre de paysage ne doit s’occuper que des générations innocentes des fleurs ; des inclinations des plantes, et des mœurs paisibles des animaux rustiques.</p>
     <pb n="180" xml:id="p185"/>
     <p>Lorsque l’élève aura franchi les premières barrières, quand son pinceau plus hardi pourra errer sans guide avec ses pensées, il faudra qu’il s’enfonce dans la solitude, qu’il quitte ces plaines déshonorées par le voisinage de nos villes. Son imagination, plus grande que cette petite nature, finirait par lui donner du mépris pour la nature même ; il croirait faire mieux que la création : erreur dangereuse par laquelle il serait entraîné loin du vrai dans des productions bizarres, qu’il prendrait pour du génie.</p>
     <p>Gardons-nous de croire que notre imagination est plus féconde et plus riche que la nature. Ce que nous appelons <hi rend="i">grand</hi> dans notre tête est presque toujours du désordre. Ainsi, dans l’art qui fait le sujet de cette lettre, pour nous représenter le <hi rend="i">grand,</hi> nous nous figurons des montagnes entassées jusqu’aux cieux, des torrents, des précipices, la mer agitée, des flots si vastes que nous ne les voyons que dans le vague de nos pensées, des vents, des tonnerres ; que sais-je ? un million de choses incohérentes et presque ridicules, si nous voulions être de bonne foi, et nous rendre un compte net et clair de nos idées.</p>
     <p>Celane serait-il point une preuve du penchant que l’homme a pour détruire ? Il nous est bien plus facile de nous faire des notions du chaos que des justes proportions de l’univers. Nous avons toutes les peines du monde à nous peindre le calme des flots, à moins que nous n’y mêlions des souvenirs de terreur : c’est ce dont on se peut convaincre par la description de ces calmes où l’on trouve presque toujours les mots de <hi rend="i">menaçant,</hi> de <hi rend="i">profond silence,</hi> etc. Que, rempli de ces folles idées du sublime, un paysagiste arrive pendant un orage au bord de la mer qu’il n’a jamais vue, il est tout étonné d’apercevoir des vagues qui s’enflent, s’approchent et se déroulent avec ordre et majesté l’une après l’autre, au lieu de ce choc et de ce bouleversement qu’il s’était représenté. Un bruit sourd, mêlé de quelques sons rauques et clairs entrecoupés de quelques courts silences, a succédé au tintamarre que notre peintre entendait dans son cerveau. Partout des couleurs tranchantes, mais conservant des harmonies jusque dans leurs disparates. L’écume éblouissante des flots jaillit sur les rochers noirs ; dans un horizon sombre roulent de vastes nuages, mais qui sont poussés du même côté : ce ne sont plus mille vents déchaînés qui se combattent, des couleurs brouillées, des cieux escaladés par les flots, la lumière épouvantant les morts à travers les abîmes creusés entre les vagues.</p>
     <p>Notre jeune poëte ou notre jeune peintre s’écrie : « J’imaginais mieux que « cela ; » et il tourne le dos avec dédain. Mais, si son esprit est bon, il reviendra bientôt de ses notions exagérées : il rectifiera son imagination ; rien ne lui paraîtra plus grand désormais que les ouvrages formés par une puissance première. Il renversera ces montagnes entassées dans sa tête, où tous les sites, tous les accidents, tous les végétaux étaient confondus Ces montagnes idéales ne s’élèveront plus jusqu’aux étoiles, mais les neiges couvriront la tête des Alpes, les torrents s’écouleront de leur cime ; les mélèzes, dans une région moins élevée, commenceront à décorer le flanc des rochers ; des végétaux moins robustes, quittant le séjour des tempêtes, descendront par degrés dans la vallée ; et la cabane du Suisse agricole et guerrier sourira sous les saules grisâtres au bord du ruisseau.</p>
     <pb n="181" xml:id="p186"/>
     <p>Fort alors de ses études et de son goût épuré, l’élève se livrera à son génie. Tantôt il égarera les yeux de l’amateur sous des pins où peut-être un tombeau couvert de lierre appellera en vain l’amitié ; tantôt, dans un vallon étroit, entouré de rochers nus, il placera les restes d’un vieux château : à travers les crevasses des tours, on apercevra le tronc de l’arbre solitaire qui a envahi la demeure du bruit et des combats ; le perce-pierre couvrira de ses croix blanches les débris écoulés, et les capillaires tapisseront les pans de murs encore debout. Peut-être un petit pâtre gardera dans ce lieu ses chèvres, qui sauteront de ruines en ruines.</p>
     <p>Les paysages riants auront leur tour, quoique en général ils soient moins attachants dans leur composition ; soit que l’image du bonheur convienne peu aux hommes, soit que l’art ne trouve que de faibles ressources dans la peinture des plaisirs champêtres, réduits pour la plupart à des danses et à des chants. Il y a pourtant certains caractères généraux propres à ces sortes de <hi rend="i">vues :</hi> le feuillé doit être léger et mobile ; le lointain, indéterminé sans être vaporeux ; l’ombre peu prononcée ; et il doit régner sur toute la scène une clarté suave qui veloute la surface des objets.</p>
     <p>Le paysagiste apprendra l’influence des divers horizons sur la couleur des tableaux : si vous supposez deux vallons parfaitement identiques, dont l’un regarde le midi et l’autre le nord, les tons, la physionomie, l’expression morale de ces deux vues semblables seront dissemblables.</p>
     <p>La perspective aérienne est d’une difficulté prodigieuse ; cependant il y faut savoir placer la perspective linéaire des plans de la terre, et détacher sur les parties fuyantes les nuages, si différents aux différentes heures du jour. La nuit même a ses couleurs ; il ne suffit pas de faire la lune pâle pour la faire belle ; la chaste Diane a aussi ses amours, et la pureté de ses rayons ne doit rien ôter à l’inspiration de sa lumière.</p>
     <p>Cette lettre est déjà d’une extrême longueur, et je n’ai encore qu’effleuré un sujet inépuisable. Tout ce que j’ai voulu dire aujourd’hui, c’est que le paysage doit être <hi rend="i">dessiné</hi> sur le <hi rend="i">nu,</hi> si on le veut faire ressemblant, et en accuser pour ainsi dire les muscles, les formes. Des études de cabinet, des copies sur des copies, ne remplaceront jamais un travail d’après nature. <hi rend="i">Allicœ plurimam salutem.</hi>
</p>
     
<closer>FIN DES MÉLANGES LITÉRAIRES.</closer>
    </div>
    <div><index><term xml:id="note388">
     (1) Voyez la préface de <hi rend="i">l’Essai historique.</hi>
    </term>
    <term xml:id="note389">
     (1) Voyez la préface de <hi rend="i">l’Essai historique.</hi>
    </term></index></div>
   </body>
</text></TEI>